domain,about_us_url,aliases,android_app_id,average_product_price,average_product_price_usd,average_product_weight,brands_page_url,categories,city,cluster_domains,combined_avgrating,combined_followers,combined_reviews,common_crawl_centrality,common_crawl_pagerank,company_ids,company_location,contact_page_url,country_code,created,currency,description,domain_count,domain_tld1,domain_url,emails,employee_count,estimated_monthly_pageviews,estimated_monthly_sales,estimated_monthly_visits,estimated_yearly_sales,facebook,facebook_group,facebook_group_url,facebook_url,faq_page_url,favicon_url,features,financing_page_url,has_cms,headless,instagram,instagram_url,installed_apps,installed_apps_count,installed_apps_names,ios_app_id,judgeme_avgrating,judgeme_reviews,language_code,last_plan,last_plan_changed,last_platform,last_platform_changed,last_theme,last_theme_changed,linkedin_account,linkedin_url,loox_avgrating,loox_reviews,maximum_product_price,maximum_product_weight,merchant_name,meta_description,meta_keywords,minimum_product_price,minimum_product_weight,monthly_app_spend,most_recent_product_image_url,most_recent_product_title,most_recent_product_url,notes,okendo_avgrating,okendo_reviews,open_graph_image_url,phones,pinterest,pinterest_followers,pinterest_followers_30d,pinterest_followers_90d,pinterest_posts,pinterest_url,plan,platform,platform_domain,platform_rank,platform_rank_percentile,platform_version,product_images,product_images_created_30,product_images_created_365,product_images_created_90,product_to_vendor,product_variants,products_created_30,products_created_365,products_created_90,products_sold,rank,rank_percentile,region,retailer_url,returns_page_url,rio_avgrating,rio_reviews,sales_channel_abound,sales_channel_amazon,sales_channel_chownow,sales_channel_doordash,sales_channel_ebay,sales_channel_etsy,sales_channel_grubhub,sales_channel_postmates,sales_channel_ubereats,sales_channels,shipping_carriers,ships_to_countries,stamped_avgrating,stamped_reviews,state,status,store_locator_url,street_address,subregion,tags,technologies,technologies_count,theme,theme_change_30,theme_change_90,theme_spend,theme_style,theme_vendor,tiktok,tiktok_followers,tiktok_followers_30d,tiktok_followers_90d,tiktok_url,title,tracking_page_url,trustpilot_avgrating,trustpilot_reviews,twitter,twitter_followers,twitter_followers_30d,twitter_followers_90d,twitter_posts,twitter_url,vendor_count,warranty_page_url,whatsapp,whatsapp_url,yotpo_avgrating,yotpo_reviews,youtube,youtube_channel_url,youtube_followers,youtube_followers_30d,youtube_followers_90d,youtube_url,zip
capitalizemytitle.com,,docsrecipes.com,,,,,,/Computers,,capitalizemytitle.com:plugin.capitalizemytitle.com,,302,,233572,212899,,,https://capitalizemytitle.com/contact-us,,2017/01/27,,"Making title capitalization easy. Automatically capitalize & convert case of text to Title Case (in AP, APA, Chicago, MLA), sentence case, UPPERCASE, lowercase, and more.",2,capitalizemytitle.com,https://capitalizemytitle.com,,,40355616,"USD $51,707,048.53",10906923,"USD $620,484,582.36",capitalizemytitle,,,https://www.facebook.com/capitalizemytitle,https://capitalizemytitle.com/how-to-capitalize-in-microsoft-office,https://capitalizemytitle.com/wp-content/uploads/2017/05/favicon-1.png,Contact Page:FAQ Page:Has Blog:Headless:Has CMS,,true,true,,,,0,,,,,en,,,,,Newspaper,2026/05/21,capitalize-my-title,https://www.linkedin.com/company/capitalize-my-title,,,,,Capitalize My Title,"Making title capitalization easy. Automatically capitalize & convert case of text to Title Case (in AP, APA, Chicago, MLA), sentence case, UPPERCASE, lowercase, and more.",,,,,,,,,,,https://capitalizemytitle.com/wp-content/uploads/2020/04/Twitter-2.png,,capitalizemytitle,10,,,60,https://www.pinterest.com/capitalizemytitle,,WooCommerce,,1,0.00,,0,0,0,0,0.00,0,0,0,0,658,401,0.00,,,,,,,,,,,,,,,,,,,,,Active,,,,,Cloudflare:Cloudflare CDN:Google Ads Pixel:Google Adsense:Google Analytics:Google Analytics 4:Google Tag Manager:Google Workspace:Microsoft Clarity:MonsterInsights:Object Cache Pro Wordpress Plugin:Wordfence:Wordpress:Yoast:YouTube Player:reCAPTCHA,16,newspaper-child,0,0,,Unknown,Unknown,,,,,,Title Capitalization Tool - Capitalize My Title - Title Case Tool,,,,capitalizetitle,292,,,718,https://twitter.com/capitalizetitle,,,,,,,,,,,,,
teachmeanatomy.info,,www.teachmeanatomy.com,com.atomengineapps.teachmeanatomy,,,,,/Science/Biological Sciences,,teachmeanatomy.info,4.2,43889,46,119757,215488,,"England, UK",https://teachmeanatomy.info/contact-us,US,2017/09/29,USD,"TeachMeAnatomy is a platform full of human anatomy learning resources, allowing you to learn anatomy online using in-depth guides and interactive tools.",1,teachmeanatomy.info,https://teachmeanatomy.info,TeachMeAnatomyDemo@teachmeseries.com,,35374500,"USD $45,324,819.55",9560675,"USD $543,897,834.60",teachmeanatomy,,,https://www.facebook.com/Teachmeanatomy,,https://teachmeanatomy.info/wp-content/uploads/fav_icon-1-300x300.png,Has iOS App:Has Android App:Contact Page:Has CMS,,true,false,teachmeanatomy,https://www.instagram.com/teachmeanatomy,https://woocommerce.com/products/automatewoo/:https://woocommerce.com/products/woocommerce-subscriptions/,2,AutomateWoo:WooCommerce Subscriptions,id1047116088,,,en,,,,,teachme2019,2024/05/29,,,,,,,TeachMeAnatomy,"TeachMeAnatomy is a platform full of human anatomy learning resources, allowing you to learn anatomy online using in-depth guides and interactive tools.",,,,,,,,,,,,,,,,,,,,WooCommerce,,2,0.00,,0,0,0,0,0.00,0,0,0,0,1975,424,0.00,Americas,,,,,,,,,,,,,,,,,,,,Active,,,Northern America,Trending on TikTok,Cloudflare:Cloudflare CDN:Cookie Law Info:Google Ads Pixel:Google Adsense:Google Analytics:Google Analytics 4:Google Tag Manager:Metorik:Microsoft Clarity:Object Cache Pro Wordpress Plugin:Trustpilot:WP Rocket:Wordpress:Yoast:reCAPTCHA,16,teachme2024,0,0,,Unknown,Unknown,@teachme_anatomy,5900,480,1317,https://www.tiktok.com/@teachme_anatomy,TeachMeAnatomy - Learn Anatomy Online - Question Bank,,4.2,46,teachmeanatomy,2589,,7,1361,https://x.com/teachmeanatomy,,,,,,,uc1ukg0j7s-_7lfjfbinm7ha,https://www.youtube.com/channel/UC1uKG0j7S-_7LFJFBiNm7HA,35400,,1457,https://www.youtube.com/channel/UC1uKG0j7S-_7LFJFBiNm7HA,
www.billyparisi.com,https://www.billyparisi.com/about,www.billyparisi.net,,,,,,/Food & Drink/Food,,www.billyparisi.com,,1110511,,5679968,24960738,,"Connaught Place, New Delhi, Delhi 110001, India",,US,2016/12/30,USD,Chef Billy Parisi is a classically trained chef who shares cooking techniques and homemade recipes from scratch for the everyday cook.,1,billyparisi.com,https://www.billyparisi.com,Billyparisi@gmail.com,,28430848,"USD $36,428,021.66",7684012,"USD $437,136,259.92",chefbillyparisi,,,https://www.facebook.com/chefbillyparisi,https://www.billyparisi.com/how-to-make-a-homemade-artisan-country-loaf-bread-recipe,https://www.billyparisi.com/apple-touch-icon.png?v=2022,FAQ Page:Has CMS,,true,false,chefbillyparisi,https://www.instagram.com/chefbillyparisi,,0,,,,,en,,,,,,2022/08/23,,,,,,,Chef Billy Parisi,Chef Billy Parisi is a classically trained chef who shares cooking techniques and homemade recipes from scratch for the everyday cook.,,,,,,,,,,,https://www.billyparisi.com/wp-content/uploads/2022/05/billy-parisi.jpg,,chefbillyparisi,55211,,,82534,https://www.pinterest.com/chefbillyparisi,,WooCommerce,,3,0.00,9.2.2,0,0,0,0,0.00,0,0,0,0,350,530,0.00,Americas,,,,,,,,,,,,,,,,,,,,Active,,,Northern America,,Cloudflare:Cloudflare CDN:Google Adsense:Google Workspace:PayPal Checkout:Wordpress:Yoast:YouTube Player,8,billyparisi,0,0,,Unknown,Unknown,,,,,,Elevate Your Everyday Cooking - Chef Billy Parisi,,,,chefbillyparisi,15300,,,241,https://x.com/chefbillyparisi,,,,,,,chefbillyparisi,https://www.youtube.com/channel/UCH1kIzuOiRii_OwMet-DBZg,1040000,,,https://www.youtube.com/chefbillyparisi,
www.militaryonesource.mil,https://www.militaryonesource.mil/about-us,mamaimcominghome.com,mil.dod.mcfp.mymilitaryonesource,,,,,/Safety & Survival/Military,,www.militaryonesource.mil:pre.militaryonesource.mil,,144400,,3512030,1221199,,800-342-9647,https://www.militaryonesource.mil/leaders-service-providers/sp-l-confidential-help/contact-center-transition,US,2018/10/19,,"Active duty military resource website, offering 24/7 support for service members, spouses, their family and survivors on taxes, moving, benefits, MWR and more.",2,militaryonesource.mil,https://www.militaryonesource.mil,,18,21558934,"USD $27,623,140.50",5826738,"USD $331,477,686.00",military.1source,,,https://www.facebook.com/military.1source,https://www.militaryonesource.mil/health-wellness/mental-health/how-to-cope-with-a-traumatic-event,https://www.militaryonesource.mil/wp-content/themes/mos-core/assets/images/favicons/mos-logo-512.png,Career Page:Has Android App:Has iOS App:Contact Page:Tracking or Returns:Returns Page:FAQ Page:Financing Page:Brand Advocate Page:Headless:Has CMS,https://www.militaryonesource.mil/financial-legal/personal-finance,true,true,military1source,https://www.instagram.com/military1source,,0,,id1532124387,,,en,,,,,,2023/08/22,,,,,,,Military OneSource,"Active duty military resource website, offering 24/7 support for service members, spouses, their family and survivors on taxes, moving, benefits, MWR and more.",,,,,,,,,,,https://download.militaryonesource.mil/MilitaryOneSource/images/prod/2021/10/american-flag-full-g156853047.jpg,+1 800-342-9647:+1 866-574-4970:+1 703-697-5131,military1source,5000,,,2413,https://www.pinterest.com/military1source,,WooCommerce,,4,0.00,,0,0,0,0,0.00,0,0,0,0,616,744,0.01,Americas,,https://www.militaryonesource.mil/recreation-travel-shopping/commissary-exchange,,,,,,,,,,,,,,,,,,Active,https://shop.commissaries.com/my-store/store-locator,,Northern America,,Bing Ads:Cloudfront CDN:Google Ads Pixel:Google Adsense:Google Optimize:Google Tag Manager:Wordpress:Yoast:YouTube Player,9,mos-core,0,0,,Unknown,Unknown,,,,,,Support for Military Personnel & Families | Military OneSource,,,,military1source,53500,,-257,12608,https://x.com/military1source,,,,,,,military1source,https://www.youtube.com/channel/UCQXV4nL4qrQU71vkFxKmKMw,85900,,-600,https://www.youtube.com/user/Military1Source,
www.theclevercarrot.com,https://www.theclevercarrot.com/about,theclevercarrot.com,,,,,,/Food & Drink/Food/Baked Goods & Desserts,New York,www.theclevercarrot.com,,36062,,23917378,54371143,,"New York, NY, USA",,US,2018/06/15,,"Beginner sourdough bread recipes, plus hundreds of simple, made-from-scratch Italian recipes, including homemade pasta and pasta sauces, plus many more delicious dishes.",1,theclevercarrot.com,https://www.theclevercarrot.com,,,18475749,"USD $23,672,701.62",4993445,"USD $284,072,419.44",theclevercarrot,,,https://www.facebook.com/TheCleverCarrot,https://www.theclevercarrot.com/2017/12/how-to-make-sourdough-cinnamon-rolls-step-by-step-guide,https://www.theclevercarrot.com/wp-content/uploads/2021/12/cropped-TCC-Favicon-180x180.png,International Shipping:FAQ Page:Has CMS,,true,false,theclevercarrot,https://www.instagram.com/theclevercarrot,,0,,,,,en,,,,,,2024/01/17,,,,,,,The Clever Carrot,"Beginner sourdough bread recipes, plus hundreds of simple, made-from-scratch Italian recipes, including homemade pasta and pasta sauces, plus many more delicious dishes.",,,,,,,,,,,,,theclevercarrot,23700,,,21354,https://www.pinterest.com/theclevercarrot,,WooCommerce,,5,0.00,,0,0,0,0,0.00,0,0,0,0,51,967,0.01,Americas,,,,,,,,,,,,,,,,,,,New York,Active,,,Northern America,,Cloudflare:Cloudflare CDN:Consentmanager.net:Google Ads Pixel:Google Adsense:Google Analytics:Google Analytics 4:Google Tag Manager:Google Workspace:WP Rocket:Wordpress:Yoast:YouTube Player,13,restored316-refined,0,0,,Unknown,Unknown,,,,,,The Clever Carrot | Sourdough Bread & Made From Scratch Recipes,,,,theclevcarrot,762,,-2,360,https://twitter.com/TheClevCarrot,,,,,,,theclevercarrot,https://www.youtube.com/channel/UCEMOU3CzsOLLZU-QqyVFPuQ,11600,,,https://www.youtube.com/@TheCleverCarrot,
minimalistbaker.com,https://minimalistbaker.com/about,minalistbaker.com,,,,,https://minimalistbaker.com/guide-to-cast-iron-cookware-care-cooking-tips-best-brands-dos-and-donts,/Food & Drink/Food,Portland,minimalistbaker.com,,1254000,,1047427,34846,,"Portland, OR, USA",,US,2017/10/27,,"Celebrating simple cooking with recipes that require 10 ingredients or less, 1 bowl, or 30 minute or less to prepare. All eaters are welcome.",1,minimalistbaker.com,https://minimalistbaker.com,,7,18012576,"USD $23,079,246.04",4868263,"USD $276,950,952.48",minimalistbaker,,,https://www.facebook.com/MinimalistBaker,https://minimalistbaker.com/how-to-make-cashew-milk,https://minimalistbaker.com/wp-content/uploads/2022/11/cropped-favicon-180x180.png,Tracking Page:FAQ Page:Has CMS,,true,false,minimalistbaker,https://instagram.com/minimalistbaker,,0,,,,,en,,,,,,2020/05/31,minimalist-baker,http://www.linkedin.com/company/minimalist-baker,,,,,Minimalist Baker,"Celebrating simple cooking with recipes that require 10 ingredients or less, 1 bowl, or 30 minute or less to prepare. All eaters are welcome.",,,,,,,,,,,https://minimalistbaker.com/wp-content/uploads/2023/12/sharing-image.jpg,,minimalistbaker,425900,,-646,18538,https://www.pinterest.com/minimalistbaker,,WooCommerce,,6,0.00,10.6.1,0,0,0,0,0.00,0,0,0,0,1771,1013,0.01,Americas,,,,,,,,,,,,,,,,,,,Oregon,Active,,,Northern America,,Cloudflare:Cloudflare CDN:Facebook Pixel:Google Ads Pixel:Google Adsense:Google Analytics:Google Analytics 4:Google Tag Manager:Google Workspace:Wordpress:Yoast:YouTube Player,12,mb-2020,0,0,,Unknown,Unknown,,,,,,Minimalist Baker - Simple Recipes That Make You Feel Good,https://www.bluehost.com/track/simplestreams/resourcepage?page=cgi-bin/signup,,,minimalistbaker,644100,,,16152,https://x.com/minimalistbaker,,,,,,,minimalistbaker,https://www.youtube.com/channel/UCeb6h3hzaSOPp4QL6EZYtQQ,184000,,,https://www.youtube.com/c/Minimalistbaker,
texasdebrazil.com,https://texasdebrazil.com/about,txdebr.com,,,,,,/Home & Garden/Kitchen & Dining/Cookware & Diningware:/Food & Drink/Food,Las Vegas,texasdebrazil.com,,43999,,1048985,384057,,"Las Vegas, NV, USA",https://texasdebrazil.com/contact,US,2016/12/30,,Reserve a table at our Brazilian steakhouse; where the traditions of Brazilian churrasco blend with the generous spirit of Texas hospitality.,1,texasdebrazil.com,https://texasdebrazil.com,,799,16060881,"USD $20,578,567.90",4340778,"USD $246,942,814.80",texasdebrazil,,,https://www.facebook.com/TexasdeBrazil,https://texasdebrazil.com/faq,https://texasdebrazil.com/wp-content/themes/texasdebrazil/assets/img/favicons/apple-touch-icon-57x57.png,Gift Messaging:Contact Page:FAQ Page:Financing Page:Career Page:Has CMS,https://texasdebrazil.com/leasing-expansion,true,false,texasdebrazil,https://www.instagram.com/texasdebrazil,,0,,,,,en,,,,,texaswp,2025/11/10,texas-de-brazil,https://www.linkedin.com/company/texas-de-brazil,,,,,Texas De Brazil,Reserve a table at our Brazilian steakhouse; where the traditions of Brazilian churrasco blend with the generous spirit of Texas hospitality.,,,,,,,,,,,https://texasdebrazil.com/wp-content/uploads/2021/04/homepage-mobile.jpg.png,,texasdebrazil,1600,,,162,https://www.pinterest.com/TexasdeBrazil,,WooCommerce,,7,0.00,10.5.2,0,0,0,0,0.00,0,0,0,0,149,1226,0.01,Americas,,,,,,,,,,,,,,,Fedex,,,,Nevada,Active,,,Northern America,,Cloudflare:Cloudflare CDN:Facebook Pixel:Google Ads Pixel:Google Adsense:Google Pay:Google Tag Manager:Microsoft 365:TikTok Pixel:WP Rocket:Wordpress:YouTube Player:optinmonster,13,texasdebrazil,0,0,,Unknown,Unknown,@texasdebrazil,32299,,401,https://www.tiktok.com/@texasdebrazil,Brazilian Steakhouse & Churrascaria | Texas De Brazil,,,,texasdebrazil,10100,,,10250,https://twitter.com/texasdebrazil,,,,,,,,,,,,,
www.ama.org,https://www.ama.org/about-ama,www.amamarketingweek.org,,,,,https://www.ama.org/2022/09/19/measure-your-brands-cultural-relevance-with-brandgeist-iq,/Business & Industrial/Business Services,Chicago,www.ama.org:ama.dp.ua:ama.org.br:ama.academy:www.ama.pub:ama.pl:ama.world:ama.com.pl:ama.sg:ama.works:ama.pet:ama.mk:amawellness.my:ama.lviv.ua:www.ama.no:ama.org.ru:www.ama.mc:ama.com.sg:www.ama.cv:shop.ama.ab.ca:corporatetraining.ama.ab.ca:ama-shop.ama.it:ama.boutique:www.ama.jewelry:market.ama.co.zw,,72000,,3127065,2134054,,"Chicago, IL, USA",,US,2017/01/27,USD,American Marketing Association | AMA - American Marketing Association,25,ama.org,https://www.ama.org,customersupport@ama.org,1006,15773951,"USD $20,210,929.29",4263230,"USD $242,531,151.48",americanmarketing,,,https://www.facebook.com/AmericanMarketing,https://www.ama.org/how-to-maintain-your-professional-certified-marketer-pcm-certification-and-record-ceus,https://www.ama.org/wp-content/uploads/2019/04/cropped-android-chrome-256x256.png?fit=180%2C180,Tracking or Returns:Returns Page:FAQ Page:Career Page:Has CMS,,true,false,,,https://woocommerce.com/products/woocommerce-subscriptions/,1,WooCommerce Subscriptions,,,,en,,,,,,2021/05/11,american-marketing-association,https://www.linkedin.com/company/american-marketing-association,,,,,AMA,American Marketing Association | AMA - American Marketing Association,,,,,,,,,,,"https://www.ama.org/wp-content/uploads/2023/07/Parissa-Burton.jpg?resize=1024,768",,,,,,,,,WooCommerce,,8,0.00,10.4.3,0,0,0,0,0.00,0,0,0,0,1999,1263,0.01,Americas,,https://www.ama.org/events/conference/b2b-marketing-exchange-west,,,,,,,,,,,,,,,,,Illinois,Active,,,Northern America,,Bing Ads:Facebook Pixel:Google Ads Pixel:Google Adsense:Google Analytics:Google Tag Manager:Hotjar:HubSpot:LinkedIn Insight Tag:Microsoft 365:Reddit Pixel:Salesforce:TikTok Pixel:Twitter Pixel:Wordpress:Yoast:reCAPTCHA,17,ama,0,0,,Unknown,Unknown,,,,,,American Marketing Association | AMA,,,,ama_marketing,72000,,,31732,https://x.com/ama_marketing,,,,,,,,,,,,,
fnamerica.com,https://fnamerica.com/about-fn,fnamerica.wpenginepowered.com,,,,,,,McLean,fnamerica.com,2.0,305600,10,133927,423946,,"McLean, VA, USA",https://fnamerica.com/contact-us,US,2017/01/27,,"The World’s Most Battle-Proven Firearms.® A global leader in the development & manufacturing of high quality firearms for military, law enforcement and commercial customers.",1,fnamerica.com,https://fnamerica.com,sales@fnamerica.com:customer.support@fnamerica.com:CustomerService@FN-America.com:info@fnamerica.com:marketing@fnamerica.com,490,14406383,"USD $18,458,683.59",3893617,"USD $221,504,203.08",fnamerica,,,https://www.facebook.com/fnamerica,,https://fnamerica.wpenginepowered.com/wp-content/uploads/2025/12/cropped-FN-Firearms-Blue-512x512-1-180x180.png,Career Page:Contact Page:Wholesale/Retailers Page:Has CMS,,true,false,fn_america,https://www.instagram.com/fn_america,https://woocommerce.com/products/woopayments/,1,WooPayments,,,,en,,,,,,2020/05/29,fnamericallc,https://www.linkedin.com/company/fnamericallc,,,,,FN® Firearms,"The World’s Most Battle-Proven Firearms.® A global leader in the development & manufacturing of high quality firearms for military, law enforcement and commercial customers.",,,,,,,,,,,,+1 703-288-3500,,,,,,,,WooCommerce,,9,0.00,8.9.3,0,0,0,0,0.00,0,0,0,0,186,1478,0.01,Americas,https://fnamerica.com/find-a-dealer,,,,,,,,,,,,,,,,,,Virginia,Active,,,Northern America,,"Cookie Notice & Compliance for GDPR,CCP:Facebook Pixel:Google Ads Pixel:Google Adsense:Google Analytics:Google Analytics 4:Google Tag Manager:Hotjar:WP Engine:Wordpress:Yoast:reCAPTCHA",12,fnamerica,0,0,,Unknown,Unknown,,,,,,Home | FN® Firearms,,2.0,10,fn_america,266100,,5142,2410,https://x.com/FN_America,,,,,,,fnamericallc,https://www.youtube.com/channel/UCOMij3Y9x-ygJuC5WuYYRxw,39500,84,342,https://www.youtube.com/fnamericallc,
schylling.com,https://schylling.com/about-us,dohjees.com,,,,,https://schylling.com/brands,/Toys & Hobbies,North Andover,schylling.com:schylling.de.com:www.schylling.company,,5377,,3288618,4255863,,"North Andover, MA 01845, USA",https://schylling.com/contact-us,US,2016/12/30,USD,"Creating the Future, Reviving the Past",3,schylling.com,https://schylling.com,shop@schylling.com:info@schylling.com:newaccounts@schylling.com,81,14445287,"USD $18,508,531.93",3904131,"USD $222,102,383.16",schyllingtoys,,,https://www.facebook.com/schyllingtoys,https://schylling.com/faqs,https://schylling.com/wp-content/uploads/2024/06/favicon-32x32-1.png,Contact Page:Tracking or Returns:Tracking Page:FAQ Page:Brands Page:Has CMS,,true,false,schyllingtoys,https://www.instagram.com/schyllingtoys,https://woocommerce.com/products/multi-currency/:https://woocommerce.com/products/woocommerce-product-search/,2,TIV Multi-Currency:WooCommerce Product Search,,,,en,,,Custom Cart,2026/07/28,,2026/07/28,schylling-associates,https://www.linkedin.com/company/schylling-associates,,,,,Schylling,"Creating the Future, Reviving the Past",,,,,,,,,,,https://schylling.com/wp-content/uploads/2020/09/social-facebook-thumb-scaled.jpg,+1 800-541-2929:+1 978-948-0860,schyllingtoys,555,,38,525,https://pinterest.com/schyllingtoys,,WooCommerce,,10,0.00,10.6.2,0,0,0,0,0.00,0,0,0,0,176,1569,0.01,Americas,,,,,,,,,,,,,,,Fedex,,,,Massachusetts,Active,,,Northern America,,Barracuda Email Protection:Cloudflare:Cloudflare CDN:Cookiebot:Facebook Pixel:Google Ads Pixel:Google Adsense:Google Analytics:Google Analytics 4:Google Pay:Google Tag Manager:LiveChat:Wordpress:YouTube Player:accessiBe:reCAPTCHA,16,astra,0,1,,Unknown,Unknown,,,,,,Schylling,https://schylling.com/ordering-shipping,,,schylling,1392,,,853,https://twitter.com/schylling,,,,,,,schyllingtoy,https://www.youtube.com/channel/UCqjHnMRgkdVryZ_KGvARwBA,3430,,668,https://www.youtube.com/schyllingtoy,01845
www.kwiktrip.com,https://www.kwiktrip.com/about-us-2,kwikstar.com,,,,,,/Food & Drink/Food,La Crosse,www.kwiktrip.com,3.2,387283,16,132246,654854,,"La Crosse, WI, USA",https://www.kwiktrip.com/contact-us,US,2018/11/16,,"Kwik Trip is your go-to Midwest convenience store for fresh food, fuel, coffee, donuts, and more. Stop in for quality, value, and service.",1,kwiktrip.com,https://www.kwiktrip.com,creditcustomersupport@kwiktrip.com:donations@kwiktrip.com:fundraising@kwiktrip.com,4936,13544512,"USD $17,354,381.50",3660678,"USD $208,252,578.00",kwiktrip,,,https://www.facebook.com/KwikTrip,https://www.kwiktrip.com/faqs,,FAQ Page:Contact Page:Has CMS,,true,false,kwiktrip,https://www.instagram.com/kwiktrip,,0,,,,,en,,,,,,2020/05/30,kwik-trip-inc-,https://www.linkedin.com/company/kwik-trip-inc-,,,,,Kwik Trip,"Kwik Trip is your go-to Midwest convenience store for fresh food, fuel, coffee, donuts, and more. Stop in for quality, value, and service.",,,,,,,,,,,https://www.kwiktrip.com/wordpress/wp-content/uploads/2018/11/kwik-trip-1200x630.jpg,,kwiktripofficial,184,,19,,https://www.pinterest.com/KwikTripOfficial,,WooCommerce,,11,0.00,11.0.1,0,0,0,0,0.00,0,0,0,0,412,1656,0.01,Americas,,,,,,,,,,,,,,,,,,,Wisconsin,Active,,,Northern America,,Bing Ads:Facebook Pixel:Google Ads Pixel:Google Adsense:Google Analytics:Google Analytics 4:Google Tag Manager:LinkedIn Insight Tag:Microsoft Clarity:Pinterest Pixel:Proofpoint Email Security:Reddit Pixel:Snap Pixel:TikTok Pixel:Twitter Pixel:Wordpress:Yoast,17,kwiktrip,0,0,,Unknown,Unknown,@kwiktrip,256399,1113,7080,https://www.tiktok.com/@kwiktrip,Kwik Trip | Kwik Star,,3.2,16,kwiktrip,104600,,514,26314,https://x.com/KwikTrip,,,,,,,kwiktripkwikstar,https://www.youtube.com/channel/UCv_2z5qtFQR5oepBN-XLvhA,26100,84,771,https://www.youtube.com/user/KwikTripKwikStar,
www.loumalnatis.com,https://www.loumalnatis.com/about,,com.thanx.loumalnatis,,,,,/Food & Drink/Food/Pizza,,www.loumalnatis.com:order.loumalnatis.com,3.0,79170,3,4683337,13879004,,"Wisconsin, USA",https://www.loumalnatis.com/contact,US,2016/12/30,,Lou Malnati's Pizzeria is home to the best Deep Dish pizza in Chicago. Lou Malnati's has stayed true to the original Chicago Deep Dish pizza recipe created by Lou Malnati over 40 years ago.,2,loumalnatis.com,https://www.loumalnatis.com,,646,12783525,"USD $16,379,339.96",3455006,"USD $196,552,079.52",loumalnatis,,,https://www.facebook.com/loumalnatis,https://www.loumalnatis.com/faq,https://www.loumalnatis.com/wp-content/uploads/lou-malnatis-logo.svg,Career Page:FAQ Page:Wholesale/Retailers Page:Has iOS App:Has Android App:Contact Page:Tracking or Returns:Returns Page:Signature Required:Tracking Page:Has Blog:Headless:Has CMS,,true,true,loumalnatis,https://www.instagram.com/loumalnatis,,0,,id1083251441,,,en,,,,,,2025/12/25,lou-malnati-s,https://www.linkedin.com/company/lou-malnati-s,,,,,Lou Malnati's Pizzeria,Lou Malnati's Pizzeria is home to the best Deep Dish pizza in Chicago. Lou Malnati's has stayed true to the original Chicago Deep Dish pizza recipe created by Lou Malnati over 40 years ago.,,,,,,,,,,,https://www.loumalnatis.com/wp-content/uploads/LM_Q326DessertToDonateLandingPageText_2560x1002-1.png,+1 847-504-0433:+1 773-395-2400:+1 312-667-1824:+1 847-562-1814:+1 480-561-5350,,,,,,,,WooCommerce,,12,0.00,,0,0,0,0,0.00,0,0,0,0,170,1829,0.01,Americas,https://www.loumalnatis.com/arizona-chandler,https://www.loumalnatis.com/lou-malnatis-returns-nascar-chicago-street-race,,,,,,,,,,,,,,,,,Wisconsin,Active,,,Northern America,,Cloudflare:Cloudflare CDN:Cookie Law Info:CookieYes:Facebook Pixel:Google Ads Pixel:Google Adsense:Google Tag Manager:Klaviyo:LinkedIn Insight Tag:OpenTable:Pinterest Pixel:The Trade Desk:TikTok Pixel:Wordpress:Yoast:YouTube Player:reCAPTCHA,18,kadence,0,0,,Unknown,Unknown,@loumalnatis,26800,,127,https://www.tiktok.com/@loumalnatis,"Lou Malnati's, the Best Chicago Deep Dish Pizza Restaurant",https://www.loumalnatis.com/lou-malnatis-italian-combo-beef-za-now-available-for-nationwide-shipping,3.0,3,loumalnatis,46200,,,38878,https://x.com/loumalnatis,,,,,,,loumalnatispizzeria,https://www.youtube.com/channel/UCCNvw58MUHlyNX8xaUPaStg,6170,14,64,https://www.youtube.com/user/loumalnatispizzeria,
hyrox.com,,hyrox.ee,,,,,,/Beauty & Fitness/Fitness,,hyrox.com:hyrox.es:hyrox.mx:shop.hyrox.co.in,1.5,134000,27,1279955,63337,,,https://hyrox.com/contact,,2016/12/30,,"With over 40+ global races in 2023 seeing over 90,000 athletes & 50,000 spectators, welcome to the World Series of Fitness Racing.",4,hyrox.com,https://hyrox.com,,186,11918011,"USD $15,270,369.89",3221084,"USD $183,244,438.68",hyroxworld,,,https://www.facebook.com/hyroxworld,https://hyrox.com/faq,https://hyrox.com/wp-content/uploads/2021/11/apple-touch-icon.webp,FAQ Page:Contact Page:Has CMS,,true,false,hyroxworld,https://www.instagram.com/hyroxworld,,0,,,,,de,,,,,,2025/09/01,hyrox,http://www.linkedin.com/company/hyrox,,,,,HYROX,"With over 40+ global races in 2023 seeing over 90,000 athletes & 50,000 spectators, welcome to the World Series of Fitness Racing.",,,,,,,,,,,,,,,,,,,,WooCommerce,,13,0.00,11.1.0,0,0,0,0,0.00,0,0,0,0,31,2109,0.01,,,,,,,,,,,,,,,,,,,,,Active,,,,,Cloudflare:Cloudflare CDN:Google Ads Pixel:Google Adsense:Google Tag Manager:Mimecast Email Security:Sendinblue:Usercentrics:Wordpress:YouTube Player:Zendesk,11,impreza,0,0,,Unknown,Unknown,,,,,,The Fitness Competition for Every Body | HYROX,,1.5,27,,,,,,,,,,,,,ucr7h-eygylwtwaxd7fb55cw,https://www.youtube.com/channel/UCr7h-eYgYlWtwaxD7Fb55cw,134000,,18000,https://www.youtube.com/channel/UCr7h-eYgYlWtwaxD7Fb55cw,
stksteakhouse.com,https://stksteakhouse.com/en-us/about,stklondon.com,,,,,,/Food & Drink,,stksteakhouse.com,,33480,,1975621,224911,,United States,https://stksteakhouse.com/en-us/contact,US,2016/12/30,,"STK blends a modern steakhouse with a chic lounge, offering a unique vibe dining experience, offering delivery, catering, and private event spaces.",1,stksteakhouse.com,https://stksteakhouse.com,,22,11793546,"USD $15,110,894.79",3187444,"USD $181,330,737.48",eatstk,,,https://www.facebook.com/eatSTK,,https://stksteakhouse.com/wp-content/uploads/2024/10/cropped-STK-Favicon-180x180.png,Contact Page:Signature Required:Tracking or Returns:Tracking Page:Has CMS,,true,false,eatstk,https://www.instagram.com/eatstk,https://woocommerce.com/products/woocommerce-subscriptions/,1,WooCommerce Subscriptions,,,,en,,,,,,2026/06/04,,,,,,,STK Steakhouse,"STK blends a modern steakhouse with a chic lounge, offering a unique vibe dining experience, offering delivery, catering, and private event spaces.",,,,,,,,,,,,,,,,,,,,WooCommerce,,14,0.00,10.9.4,0,0,0,0,0.00,0,0,0,0,11,2211,0.01,Americas,,,,,,,,,,,,,,,,,,,,Active,,,Northern America,,Braze:Cloudflare:Cloudflare CDN:CookieYes:Facebook Pixel:Google Ads Pixel:Google Adsense:Google Tag Manager:Microsoft Clarity:OpenTable:Wordpress:Yoast:accessiBe,13,stk-steakhouse-2024,0,0,,Unknown,Unknown,@eatstk,17200,,5528,https://www.tiktok.com/@eatstk,Homepage - STK Steakhouse,https://stksteakhouse.com/en-us/delivery,,,eatstk,14500,,,11641,https://x.com/eatSTK,,,,,,,eatstk,https://www.youtube.com/channel/UCdLcejSeMPJrB5z6YzyihQg,1780,,-23,https://www.youtube.com/@eatstk,
www.cacklehatchery.com,https://www.cacklehatchery.com/history-about-us,cf-internal.cacklehatchery.com,,,,,,/Business & Industrial/Agriculture & Forestry/Livestock,Lebanon,www.cacklehatchery.com,2.9,46923,2,21339377,24916416,,"Lebanon, MO 65536, USA",https://www.cacklehatchery.com/contact,US,2016/12/30,USD,"Cackle Hatchery® has provided the Highest Quality Chicken, Poultry & Rare Breed Egg Hatchery Services Since 1936 - Browse Over 230 Available Varieties!",1,cacklehatchery.com,https://www.cacklehatchery.com,help@cacklehatchery.com,15,11395355,"USD $14,600,698.96",3079825,"USD $175,208,387.52",cacklehatcherymo,628215440705196,https://www.facebook.com/groups/628215440705196,https://www.facebook.com/CackleHatcheryMO,https://www.cacklehatchery.com/how-to-feed-pullets-for-optimal-egg-production,https://www.cacklehatchery.com/wp-content/uploads/2026/03/cropped-Favicon-1-180x180.png,FAQ Page:Contact Page:Tracking or Returns:Returns Page:Wholesale/Retailers Page:Has Blog:Has CMS,,true,false,cacklehatcheryllc,https://www.instagram.com/cacklehatcheryllc,https://woocommerce.com/products/woocommerce-product-search/,1,WooCommerce Product Search,,,,en,,,Magento,2020/10/29,storefront,2025/09/30,cackle-hatchery,https://www.linkedin.com/company/cackle-hatchery,,,,,Cackle Hatchery®,"Cackle Hatchery® has provided the Highest Quality Chicken, Poultry & Rare Breed Egg Hatchery Services Since 1936 - Browse Over 230 Available Varieties!",,,,,,,,,,,https://www.cacklehatchery.com/wp-content/uploads/2020/03/Cackle_Logo_Vector_Horizontal_White.png,+1 417-532-4581:+1 417-446-8228,cacklehatchery,6100,,,1537,https://www.pinterest.com/cacklehatchery,,WooCommerce,,15,0.00,10.0.4,0,0,0,0,0.00,0,0,0,0,608,2231,0.02,Americas,https://www.cacklehatchery.com/wholesale-inquiry,https://www.cacklehatchery.com/orders-and-returns,,,,https://www.amazon.com/stores/CackleHatchery/CackleHatchery/page/DA348E03-3BCC-43FE-BF07-E032A7AE549D,,,,,,,,Amazon,USPS:Fedex,,,,Missouri,Active,,,Northern America,,Attentive:Facebook Pixel:GetResponse:Google Ads Pixel:Google Adsense:Google Analytics:Google Analytics 4:Google Tag Manager:Microsoft Clarity:Wordpress:Yoast:YouTube Player:Zendesk:reCAPTCHA,14,cacklehatchery2025,0,0,,Unknown,Unknown,@cacklehatchery,10600,211,923,https://www.tiktok.com/@cacklehatchery,"Chickens for Sale - Baby Chicks, Poultry & Fowl Egg Hatchery | Cackle Hatchery®",,2.9,2,cacklehatchery,1523,,12,3763,https://twitter.com/CackleHatchery,,,,,,,cacklehatchery,https://www.youtube.com/channel/UCu1NULWSWkVgzAUB4XsMgZQ,28700,,,https://www.youtube.com/user/cacklehatchery,65536
grammarist.com,https://grammarist.com/about,www.grammarist.com,,,,,,/Books & Literature/Writers Resources,,grammarist.com,,3281,,29416,168675,,,https://grammarist.com/contact,US,2016/12/30,USD,"We designed The Grammarist Insider Daily to help writers, copyeditors, proofreaders, and teachers improve their language skills one day at a time.",1,grammarist.com,https://grammarist.com,,,12025143,"USD $15,407,636.72",3250038,"USD $184,891,640.64",grammaristweb,,,https://www.facebook.com/grammaristweb,https://grammarist.com/usage/how-to-use-would,https://grammarist.com/wp-content/uploads/2022/01/cropped-Grammarist-favicon-2-180x180.png,Returns Page:Tracking Page:Cryptocurrency Messaging:Gift Messaging:Contact Page:Tracking or Returns:Signature Required:FAQ Page:Financing Page:Brand Advocate Page:Career Page:Headless:Has CMS,https://grammarist.com/usage/economics-finance,true,true,,,,0,,,,,en,,,,,generatepress_child,2026/01/16,,,,,,,The Grammarist Insider Daily,"We designed The Grammarist Insider Daily to help writers, copyeditors, proofreaders, and teachers improve their language skills one day at a time.",,,,,,,,,,,https://grammarist.com/wp-content/uploads/2022/01/cropped-Grammarist-favicon-2.png,,grammar_rules,404,,1,,https://pinterest.com/grammar_rules,,WooCommerce,,16,0.00,9.4.2,0,0,0,0,0.00,0,0,0,0,1170,2423,0.02,Americas,,https://grammarist.com/idiom/point-of-no-return,,,,,,,,,,,,,,,,,,Active,,,Northern America,,Cloudflare:Cloudflare CDN:Consentmanager.net:Facebook Pixel:Google Ads Pixel:Google Adsense:Google Analytics:Google Analytics 4:Google Tag Manager:Google Workspace:Microsoft Clarity:Sure Cart:WP Rocket:Wordpress:Wunderkind:optinmonster:reCAPTCHA:MailerLite,18,generatepress,0,0,,Unknown,Unknown,,,,,,The Grammarist Insider Daily,https://grammarist.com/usage/track-and-field-and-athletics,,,_grammarist,2428,,-5,,https://twitter.com/_grammarist,,,,,,,ucfhptwxjpiw1qlz0mhwcqtq,https://www.youtube.com/channel/UCFhPTWXjPIw1qlZ0mhWCQtQ,449,,6,https://www.youtube.com/channel/UCFhPTWXjPIw1qlZ0mhWCQtQ,
chicagoreader.com,https://chicagoreader.com/about/local-news-public-good,store.chicagoreader.com:posting.chicagoreader.com,,,,,https://chicagoreader.com/arts-culture/timeline-marches-on,,Chicago,chicagoreader.com,,287044,,15840,68840,,"Chicago, IL, USA",,US,2020/08/14,USD,"Chicago's nonprofit newsroom, a weekly in print since 1971. News, Events, Theater, Food, Music. Online and print advertising opportunities",1,chicagoreader.com,https://chicagoreader.com,,70,9818644,"USD $12,580,483.05",2653687,"USD $150,965,796.60",chicagoreader,,,https://www.facebook.com/chicagoreader,,https://i0.wp.com/chicagoreader.com/wp-content/uploads/2026/03/cropped-Pantone-Reader-Icon-1Color-Black%401.5x.png?fit=180%2C180&ssl=1,Tracking Page:Brand Advocate Page:Signature Required:Tracking or Returns:Has CMS,,true,false,,,https://woocommerce.com/products/name-your-price/:https://woocommerce.com/products/woocommerce-subscriptions/,2,Name Your Price:WooCommerce Subscriptions,,,,en,,,,,,2026/07/21,chicago-reader,https://www.linkedin.com/company/chicago-reader,,,,,Chicago Reader,"Chicago's nonprofit newsroom, a weekly in print since 1971. News, Events, Theater, Food, Music. Online and print advertising opportunities",,,,,,,,,,,https://chicagoreader.com/wp-content/uploads/2021/09/Reader-R-logo-icon-horizontal-2-1.png,+1 206-323-7101,,,,,,,,WooCommerce,,17,0.00,,0,0,0,0,0.00,0,0,0,0,100000,2789,0.02,Americas,,,,,,,,,,,,,,,,,,,Illinois,Active,,,Northern America,,Complianz:Facebook Pixel:Google Ads Pixel:Google Adsense:Google Analytics:Google Analytics 4:Google Tag Manager:Google Workspace:Microsoft Clarity:Wordpress:Yoast:YouTube Player:reCAPTCHA,13,newspack-theme,0,1,,Unknown,Unknown,,,,,,Chicago Reader,https://chicagoreader.com/music/the-secret-history-of-chicago-music/win-stracke-old-town-school-folk-terkel-golden-ring,,,chicago_reader,287044,,,96967,https://x.com/Chicago_Reader,,,,,,,,,,,,,
www.colt.com,,shop.colt.com:www.agentsforsale.com:shopcoltgear.com,,,,,,,,www.colt.com:www.colt.lk:colt.mt:supplierportal.colt.com:www.shop.colt.lk,,,,10049606,15843206,,,https://www.colt.com/contact,US,2016/12/30,,"Firearms, handguns, pistols, rifles, revolvers.",5,colt.com,https://www.colt.com,,322,9697602,"USD $12,425,393.02",2620973,"USD $149,104,716.24",coltfirearms,,,https://www.facebook.com/ColtFirearms,https://www.colt.com/frequently-asked-questions/,https://www.colt.com/wp-content/uploads/2023/03/colt-favicon-300x300.jpg,FAQ Page:Career Page:Contact Page:Wholesale/Retailers Page:Has CMS,,true,false,coltfirearms,https://www.instagram.com/coltfirearms,,0,,,,,en,,,,,shoptimizer,2026/05/25,,,,,,,Colt’s Manufacturing Company LLC,"Firearms, handguns, pistols, rifles, revolvers.",,,,,,,,,,,,+1 800-962-2658:+1 252-225-7055,,,,,,,,WooCommerce,,18,0.00,11.0.1,0,0,0,0,0.00,0,0,0,0,14,2809,0.02,Americas,https://www.colt.com/dealer-locator,,,,,,,,,,,,,,,,,,,Active,,,Northern America,,Cloudflare:Cloudflare CDN:Google Ads Pixel:Google Adsense:Google Analytics:Google Analytics 4:Google Tag Manager:Microsoft 365:Wordpress:ActiveCampaign,10,shoptimizer-child-theme,0,0,,Unknown,Unknown,,,,,,Colt’s Manufacturing Company LLC,,,,,,,,,,,,,,,,,,,,,,
www.cariboucoffee.com,https://www.cariboucoffee.com/about-us,cariboucoffeedelivery.com,com.caribou.caribouapp,,,,,/Food & Drink/Beverages/Coffee & Tea,Minneapolis,www.cariboucoffee.com,3.3,133840,3,4254330,13809753,,"Minneapolis, MN, USA",https://www.cariboucoffee.com/contact-us,US,2019/09/13,,"We're committed to serving our teams and guests safely and responsibly. Learn more. Skip to content. Caribou Coffee Logo · Caribou Coffee. Life is Short, Stay ...",1,cariboucoffee.com,https://www.cariboucoffee.com,customerrelations@cariboucoffee.com,2478,9335865,"USD $11,961,905.26",2523206,"USD $143,542,863.12",cariboucoffee,,,https://www.facebook.com/cariboucoffee,,https://www.cariboucoffee.com/wp-content/uploads/2018/12/cropped-Caribou_Badge_4c-180x180.png,Brands Page:Contact Page:Has iOS App:Has Android App:Tracking or Returns:Returns Page:Tracking Page:Has Blog:Career Page:Has CMS,,true,false,cariboucoffee,https://www.instagram.com/cariboucoffee,https://woocommerce.com/products/woocommerce-subscriptions/,1,WooCommerce Subscriptions,id971358255,,,en,,,Custom Cart,2026/09/19,,2026/09/14,caribou-coffee,https://www.linkedin.com/company/caribou-coffee,,,,,Caribou Coffee,"We're committed to serving our teams and guests safely and responsibly. Learn more. Skip to content. Caribou Coffee Logo · Caribou Coffee. Life is Short, Stay ...",,,,,,,,,,,,+1 888-227-4268:+1 800-999-2132,,,,,,,,WooCommerce,,19,0.00,11.0.1,0,0,0,0,0.00,0,0,0,0,263,2944,0.02,Americas,,https://www.cariboucoffee.com/shop/return-policy,,,,,,,,,,,,,,,,,Minnesota,Active,,,Northern America,Trending on TikTok,Cloudflare:Cloudflare CDN:Facebook Pixel:Google Ads Pixel:Google Adsense:Google Analytics:Google Analytics 4:Google Tag Manager:Hotjar:Matomo Analytics:Medallia:Microsoft 365:TikTok Pixel:Uber Eats:Wordpress:Zendesk:mParticle,17,takeoff,1,7,,Unknown,Unknown,@cariboucoffee,24000,1775,4114,https://www.tiktok.com/@cariboucoffee,"Caribou Coffee – Life is Short, Stay Awake for it",https://www.cariboucoffee.com/shop/shipping-policy,3.3,3,cariboucoffee,108100,,-257,17276,https://twitter.com/cariboucoffee,,,,,,,cariboucoffeecompany,https://www.youtube.com/channel/UCM8M6Dwt5084FCdDpExNCjA,1740,28,45,https://www.youtube.com/user/cariboucoffeecompany,
www.scottsdalemint.com,https://www.scottsdalemint.com/about,scottsdalemint.com,,,,,,/Business & Industrial/Metals & Mining/Precious Metals,Scottsdale,www.scottsdalemint.com,3.8,75429,337,50370589,57284404,,"Scottsdale, AZ, USA",https://www.scottsdalemint.com/contact-us,US,2018/08/24,,Premier US private mint offering investment-grade gold & silver bullion. Shop pure precious metals direct from our Arizona & Wyoming facilities.,1,scottsdalemint.com,https://www.scottsdalemint.com,,15,9490800,"USD $12,160,421.63",2565081,"USD $145,925,059.56",scottsdalesilver,,,https://www.facebook.com/scottsdalesilver,,https://www.scottsdalemint.com/uploads/2017/09/cropped-logo-small.png?format=webp&height=180&width=180,Cryptocurrency Messaging:Contact Page:Tracking or Returns:Tracking Page:Wholesale/Retailers Page:Career Page,,false,false,scottsdalemint,https://www.instagram.com/scottsdalemint,,0,,,,,en,,,,,suma-elementor,2025/01/05,scottsdale-mint-lllp,https://www.linkedin.com/company/scottsdale-mint-lllp,,,,,Scottsdale Mint,Premier US private mint offering investment-grade gold & silver bullion. Shop pure precious metals direct from our Arizona & Wyoming facilities.,,,,,,,,,,,https://www.scottsdalemint.com/uploads/2024/03/Scottsdale-Mint-Gold-and-Silver-Bullion.jpg?format=webp&height=1155&width=2200,,,,,,,,,WooCommerce,,20,0.00,8.7.0,0,0,0,0,0.00,0,0,0,0,554,2949,0.02,Americas,https://www.scottsdalemint.com/wholesale-partners,,,,,,,,,,,,,,,,,,Arizona,Active,,,Northern America,,Algolia:Attentive:Facebook Pixel:Fathom Analytics:Google Ads Pixel:Google Adsense:Google Analytics:Google Analytics 4:Google Tag Manager:Google Workspace:Hotjar:Klaviyo:Metorik:Yoast,14,Unknown,0,0,,Unknown,Unknown,,,,,,Buy Gold & Silver Bullion | Scottsdale Mint,https://www.scottsdalemint.com/articles/2026/where-can-i-buy-authentic-silver-bullion-with-insured-shipping,3.8,337,scottsdalemint,64729,,,3895,https://x.com/scottsdalemint,,,,,,,scottsdalesilver,https://www.youtube.com/channel/UCKSouquXti8e2dcJskJf_OQ,10700,,,https://www.youtube.com/user/scottsdalesilver,
www.bontraveler.com,https://www.bontraveler.com/about,bontraveler.com,,,,,https://www.bontraveler.com/favorite-baby-clothing-brands,/Travel,Sacramento,www.bontraveler.com,,30648,,19770717,35902634,,"Sacramento, CA, USA",https://www.bontraveler.com/contact,US,2017/10/27,,Travel well.,1,bontraveler.com,https://www.bontraveler.com,,3,9355362,"USD $11,986,886.02",2528476,"USD $143,842,632.24",thebontraveler,,,https://www.facebook.com/thebontraveler,https://www.bontraveler.com/how-to-spend-48-hours-in-split-croatia,https://www.bontraveler.com/wp-content/uploads/2023/08/cropped-favicon_gray-180x180.jpg,Brand Advocate Page:Tracking Page:Wholesale/Retailers Page:Contact Page:FAQ Page:Has CMS,,true,false,bontraveler,https://www.instagram.com/bontraveler,,0,,,,,en,,,,,,2020/05/30,bon-travel-azerbaijan,https://www.linkedin.com/company/bon-travel-azerbaijan,,,,,Bon Traveler,Travel well.,,,,,,,,,,,,,thebontraveler,29000,,,22671,https://www.pinterest.com/thebontraveler,,WooCommerce,,21,0.00,69718,0,0,0,0,0.00,0,0,0,0,641,2961,0.02,Americas,https://www.bontraveler.com/10-charming-boutique-hotels-in-dubrovnik-croatia,,,,,,,,,,,,,,,,,,California,Active,,,Northern America,,"CJ Affiliate:Cloudflare:Cloudflare CDN:Cookie Notice & Compliance for GDPR,CCP:Google Ads Pixel:Google Adsense:Google Analytics:Google Analytics 4:Google Tag Manager:Google Workspace:SkimLinks:Wordpress:Yoast",13,cheerup,0,0,,Unknown,Unknown,,,,,,Bon Traveler - Travel well.,https://www.viator.com/tours/Tulum/MAYAN-INLAND-EXPEDITION/d23012-29437P4?pid=P00038804&mcid=42383&medium=link&medium_version=selector,,,bontraveler,1648,,,6808,https://x.com/bontraveler,,,,,,,,,,,,,
www.keltecweapons.com,https://www.keltecweapons.com/about,www.keltecfirearms.com,,,,,,,Cocoa,www.keltecweapons.com:order.keltecweapons.com,,71200,,3855438,29670027,,"Cocoa, FL, USA",https://www.keltecweapons.com/contact,US,2016/12/30,USD,"We create firearms to secure your world. We believe in respect, family and the right to bear arms. Our innovative engineering changed gun design.",2,keltecweapons.com,https://www.keltecweapons.com,,19,9190049,"USD $11,775,072.99",2483797,"USD $141,300,875.88",keltecweapons,,,https://www.facebook.com/KelTecWeapons,,https://www.keltecweapons.com/wp-content/uploads/2021/11/cropped-kel_favicon_128x128-180x180.png,Contact Page:Tracking or Returns:Tracking Page:Wholesale/Retailers Page:Warranty Page:Has CMS,,true,false,keltec.official,https://www.instagram.com/keltec.official,https://woocommerce.com/products/authorize-net/:https://woocommerce.com/products/smart-coupons/,2,"Authorize.net, a Visa solution:Smart Coupons",,,,en,,,,,,2020/06/02,,,,,,,KelTec,"We create firearms to secure your world. We believe in respect, family and the right to bear arms. Our innovative engineering changed gun design.",,,,,,,,,,,,+1 321-631-0068:+1 800-515-9983,,,,,,,,WooCommerce,,22,0.00,11.1.0,0,0,0,0,0.00,0,0,0,0,346,3002,0.02,Americas,https://www.keltecweapons.com/retailers,,,,,,,,,,,,,,USPS:Fedex,,,,Florida,Active,,,Northern America,,AddShoppers:Authorize.net:Cloudflare:Cloudflare CDN:Google Ads Pixel:Google Adsense:Google Analytics:Google Tag Manager:Google Workspace:HubSpot:Listrak:WP Rocket:Wordpress:YouTube Player:accessiBe:reCAPTCHA:Zendesk,17,keltec-wordpress-theme,0,0,,Unknown,Unknown,,,,,,"American Firearm Manufacturer of Pistols, Rifles & Shotguns | KelTec",https://www.keltecweapons.com/shipping-returns,,,keltecofficial,42000,,,,https://twitter.com/KelTecOfficial,,https://www.keltecweapons.com/warranty,,,,,keltecweapons,https://www.youtube.com/channel/UCab3Nj3TAOT04TfbvEdpwTA,29200,,,https://www.youtube.com/user/KelTecWeapons,
www.taurususa.com,https://www.taurususa.com/company/about-us,taurusg3.com,,,,,,,Bainbridge,www.taurususa.com,1.6,146300,32,4056932,1472639,,"Bainbridge, GA, USA",https://www.taurususa.com/support/contact-us,US,2016/12/30,,"FEATURED PRODUCTS Nothing Found    POPULAR PRODUCTS    TAURUS GX4 A Micro-compact 9mm With Class Leading Capacity.With the introduction of our first-ever micro-compact 9mm, the all-new Taurus GX4™ boldly outclasses anything else in its class—reaching unprecedented new heights in",1,taurususa.com,https://www.taurususa.com,,,8769579,"USD $11,236,331.77",2370156,"USD $134,835,981.24",taurususa,,,https://www.facebook.com/TaurusUSA,https://www.taurususa.com/journal-entry/how-to-field-strip-the-taurus-rpc-for-cleaning-and-maintenance,https://www.taurususa.com/wp-content/uploads/2025/04/cropped-taurus-favicon.png,Contact Page:Signature Required:Tracking or Returns:Tracking Page:FAQ Page:Wholesale/Retailers Page:Warranty Page:Has CMS,,true,false,taurususa,https://www.instagram.com/taurususa,,0,,,,,en,,,Custom Cart,2026/03/16,,2026/03/16,,,,,,,Taurus USA,"FEATURED PRODUCTS Nothing Found    POPULAR PRODUCTS    TAURUS GX4 A Micro-compact 9mm With Class Leading Capacity.With the introduction of our first-ever micro-compact 9mm, the all-new Taurus GX4™ boldly outclasses anything else in its class—reaching unprecedented new heights in",,,,,,,,,,,https://www.taurususa.com/wp-content/uploads/2025/03/taurus_logo_white.svg,+1 229-515-8464:+1 229-235-4020:+1 800-327-3776,,,,,,,,WooCommerce,,23,0.00,11.1.1,0,0,0,0,0.00,0,0,0,0,182,3149,0.02,Americas,https://www.taurususa.com/dealer-locator,,,,,,,,,,,,,,,,,,Georgia,Active,,,Northern America,,Cloudflare:Cloudflare CDN:Google Ads Pixel:Google Adsense:Google Tag Manager:Klaviyo:Listrak:Wordpress:Yoast:YouTube Player:reCAPTCHA,11,avada,0,0,,Unknown,Unknown,,,,,,"Taurus USA - Hard Working Pistols, Revolvers, & Rifles",https://www.taurususa.com/journal-entry/taurus-expedition-axis-adventure,1.6,32,taurususa,89200,,514,2908,https://x.com/taurususa,,https://www.taurususa.com/warranty-registration,,,,,taurusfirearms,https://www.youtube.com/channel/UCisS9K5VHkV1pjXqyuHfNUQ,57100,,1044,https://www.youtube.com/user/taurusfirearms,
discocowboyhatshop.com,https://discocowboyhatshop.com/about-us,www.discocowboyhatshop.com,,,,,,/Apparel,,discocowboyhatshop.com,,,,107495637,131279406,,,https://discocowboyhatshop.com/contact-us,,2026/02/20,,"Shop Disco Cowboy Hat – premium hats designed to stand out. Perfect for festivals, parties, nightlife, and Western-disco style. Fast US shipping.",1,discocowboyhatshop.com,http://discocowboyhatshop.com,contact@discocowboyhatshop.com,,12423841,"USD $15,918,483.24",3357794,"USD $191,021,798.88",,,,,https://discocowboyhatshop.com/faq,https://discocowboyhatshop.com/wp-content/uploads/2025/12/disco-cowboy-hat-icon-430x430.png,Contact Page:International Shipping:Tracking or Returns:Tracking Page:FAQ Page:Has CMS,,true,false,discocowboyhatshop,https://www.instagram.com/discocowboyhatshop,,0,,,,,en,,,,,,2026/02/20,,,,,,,Shop Disco Cowboy Hat,"Shop Disco Cowboy Hat – premium hats designed to stand out. Perfect for festivals, parties, nightlife, and Western-disco style. Fast US shipping.",,,,,,,,,,,,,,,,,,,,WooCommerce,,24,0.00,10.4.3,0,0,0,0,0.00,0,0,0,0,2,3160,0.02,,,,,,,,,,,,,,,,,,,,,Active,,,,,Namecheap Email:Wordpress,2,woodmart,0,0,,Unknown,Unknown,,,,,,Shop Disco Cowboy Hat | Sparkly Festival & Party Hats,https://discocowboyhatshop.com/shipping-policy,,,cowboyhatdisco,,,,,https://x.com/cowboyHatDisco,,,,,,,,,,,,,
ketteringhealth.org,https://ketteringhealth.org/about,ketteringhealthmedicalgroup.com,epic.mychart.android,,,,,/Health/Medical Services,Kettering,ketteringhealth.org,2.9,10207,2,1195394,339241,,"Kettering, OH, USA",,US,2016/12/30,,"Kettering Health combines Christ-centered care with exceptional medicine to elevate health, healing, and hope throughout our community.",1,ketteringhealth.org,https://ketteringhealth.org,,6051,8843017,"USD $11,330,426.89",2390004,"USD $135,965,122.68",ketteringhealth,,,https://www.facebook.com/ketteringhealth,,https://cdn.ketteringhealth.org/wp-content/uploads/2021/04/cropped-favicon-180x180.png.webp,Has iOS App:Has Android App:Wholesale/Retailers Page:Career Page:Has CMS,,true,false,ketteringhealth,https://www.instagram.com/ketteringhealth,,0,,id382952264,,,en,,,,,,2026/05/20,kettering-health,https://www.linkedin.com/company/kettering-health,,,,,Kettering Health,"Kettering Health combines Christ-centered care with exceptional medicine to elevate health, healing, and hope throughout our community.",,,,,,,,,,,https://cdn.ketteringhealth.org/wp-content/uploads/2021/04/1330x1330_85_2021-04-12.jpg.webp,+1 937-735-0055:+1 937-384-4510:+1 937-395-3920,,,,,,,,WooCommerce,,25,0.00,8.3.1,0,0,0,0,0.00,0,0,0,0,6971,3175,0.02,Americas,https://ketteringhealth.org/services-treatments/lab-imaging/our-locations,,,,,,,,,,,,,,,,,,Ohio,Active,,,Northern America,,Cloudfront CDN:Complianz:Google Ads Pixel:Google Adsense:Google Tag Manager:Proofpoint Email Security:Wordpress:Yoast:YouTube Player,9,ketteringhealth-2020,0,0,,Unknown,Unknown,,,,,,Kettering Health | Be Your Best,,2.9,2,ketteringhealth,2757,,,2392,https://x.com/ketteringhealth,,,,,,,ketteringhealth,https://www.youtube.com/channel/UClDxm4w4PB0_KmTGAqN0hwg,7450,42,162,https://www.youtube.com/user/KetteringHealth,
livability.com,https://livability.com/about,www.businessclimate.com,,,,,,,Franklin,livability.com,,10488,,1041483,78238,,"Franklin, TN, USA",,US,2016/12/30,USD,"Looking for a new place to call home? Here at Livability.com, our passion is places. If you’re planning to relocate, start your journey here!",1,livability.com,https://livability.com,,,8701308,"USD $11,148,856.70",2351704,"USD $133,786,280.40",livability,,,https://www.facebook.com/Livability,https://livability.com/topics/experiences-adventures/how-to-maximize-your-pto-and-where-to-spend-it,https://livability.com/chroot/home/ad5f3796/20a2659177.nxcli.io/html/wp-content/themes/twentytwentyone/assets/images/apple-touch-icon-180x180.png,Career Page:Store Locator Page:FAQ Page:Wholesale/Retailers Page:Has CMS,,true,false,livability,https://www.instagram.com/livability,,0,,,,,en,,,,,,2024/06/11,cookmedical,https://www.linkedin.com/company/cookmedical,,,,,livability.com,"Looking for a new place to call home? Here at Livability.com, our passion is places. If you’re planning to relocate, start your journey here!",,,,,,,,,,,,,livability,2800,,,2795,https://www.pinterest.com/livability,,WooCommerce,,26,0.00,10.9.3,0,0,0,0,0.00,0,0,0,0,8482,3230,0.02,Americas,https://livability.com/wi/green-bay/food-scenes/where-to-find-great-breweries-and-coffee-shops-in-green-bay-wi,,,,,,,,,,,,,,,,,,Tennessee,Active,https://centralperk.com/pages/boston-store-location,,Northern America,,Cloudflare:Cloudflare CDN:Google Ads Pixel:Google Adsense:Google Analytics:Google Analytics 4:Google Tag Manager:Google Workspace:MonsterInsights:Rokt:WP Rocket:Wordpress:Yoast:reCAPTCHA,14,livability,0,0,,Unknown,Unknown,,,,,,"Livability – Find Where to Live, Work and Play in the US",,,,livability,5808,,-17,19593,https://x.com/Livability,,,,,,,mylivability,https://www.youtube.com/channel/UCfUWTjx-cf9V7l67SXDseWg,1880,,15,https://www.youtube.com/mylivability,
www.visualcapitalist.com,https://www.visualcapitalist.com/about,,com.voronoi.organization.app,,,,https://www.visualcapitalist.com/gen-z-favorite-brands-2023,,,www.visualcapitalist.com:licensing.visualcapitalist.com,2.6,352200,11,3341766,4778537,,"Vancouver, BC, Canada",https://www.visualcapitalist.com/contact-us,US,2016/12/30,USD,Rich visual content for the modern investor. Visual Capitalist is a new way to discover business opportunities and learn about investment trends.,2,visualcapitalist.com,https://www.visualcapitalist.com,support@visualcapitalist.com,90,8441559,"USD $10,816,044.03",2281502,"USD $129,792,528.36",visualcapitalist,,,https://www.facebook.com/visualcapitalist,https://www.visualcapitalist.com/creator-hub/faqs,https://www.visualcapitalist.com/wp-content/uploads/2021/04/cropped-logo-180x180.png,FAQ Page:Brands Page:Career Page:Tracking Page:Cryptocurrency Messaging:Has iOS App:Has Android App:Contact Page:Tracking or Returns:Returns Page:Has CMS,,true,false,visualcap,https://www.instagram.com/visualcap,https://woocommerce.com/products/mailchimp-for-woocommerce/:https://woocommerce.com/products/woocommerce-memberships/:https://woocommerce.com/products/woocommerce-subscriptions/,3,Mailchimp:WooCommerce Memberships:WooCommerce Subscriptions,id6447905904,,,en,,,,,,2023/06/24,visual-capitalist,https://www.linkedin.com/company/visual-capitalist,,,,,Visual Capitalist,Rich visual content for the modern investor. Visual Capitalist is a new way to discover business opportunities and learn about investment trends.,,,,,,,,,,,https://www.visualcapitalist.com/wp-content/uploads/2019/03/dark-header-mobile.png,,,,,,,,,WooCommerce,,27,0.00,11.0.1,0,0,0,0,0.00,0,0,0,0,2758,3305,0.02,Americas,,https://www.visualcapitalist.com/cp/ranked-real-estate-returns-across-57-countries-since-2008,,,,,,,,,,,,,,,,,,Active,,,Northern America,,Cloudflare:Cloudflare CDN:Facebook Pixel:Google Ads Pixel:Google Adsense:Google Tag Manager:HubSpot:LinkedIn Insight Tag:Mailchimp:Twitter Pixel:Typeform:WP Engine:Wordfence:Wordpress:Yoast:YouTube Player:reCAPTCHA,17,zox-news,0,0,,Unknown,Unknown,,,,,,Visual Capitalist,https://apnews.com/article/tesla-sales-musk-trump-deliveries-robotaxi-6d60715babde97b3b1a8e2416f4065ca,2.6,11,visualcap,352200,,3344,10964,https://www.twitter.com/visualcap,,,,,,,,,,,,,
www.pastemagazine.com,https://www.pastemagazine.com/about,crawdaddy.com,,,,,https://www.pastemagazine.com/drink/craft-beer/non-alcoholic-beer-0-0-beers-brands-sales-growth-us-spain,,Atlanta,www.pastemagazine.com,,1044986,,231291,10257250,,"Atlanta, GA, USA",,US,2016/12/30,,"Paste Magazine is your source for the best music, movies, TV, comedy, videogames, books and culture. Discover your favorite albums, films and shows.",1,pastemagazine.com,https://www.pastemagazine.com,,,8412413,"USD $10,778,700.20",2273625,"USD $129,344,402.40",pastemagazine,,,https://www.facebook.com/PasteMagazine,,https://www.pastemagazine.com/wp-content/themes/pastemagazine/img/mobile-icon-144.png,Tracking or Returns:Returns Page:Headless:Has CMS,,true,true,pastemagazine,https://www.instagram.com/pastemagazine,,0,,,,,en,,,,,,2026/08/14,,,,,,,Paste Magazine,"Paste Magazine is your source for the best music, movies, TV, comedy, videogames, books and culture. Discover your favorite albums, films and shows.",,,,,,,,,,,https://img.pastemagazine.com/wp-content/uploads/2023/02/14100403/pm-logo-1200x675-1.jpg,,,,,,,,,WooCommerce,,28,0.00,,0,0,0,0,0.00,0,0,0,0,11330,3313,0.02,Americas,,https://www.pastemagazine.com/music/bazooka-fest/bazooka-fest-returns-to-brooklyn,,,,,,,,,,,,,,,,,Georgia,Active,,,Northern America,,Cloudflare:Cloudflare CDN:Google Ads Pixel:Google Adsense:Google Analytics:Google Analytics 4:Google Tag Manager:Google Workspace:MonsterInsights:Stripe:Wordpress:Wunderkind:Yoast:YouTube Player:reCAPTCHA,15,pastemagazine,0,1,,Unknown,Unknown,@pastemagazine,1669,,,https://www.tiktok.com/@pastemagazine,"Paste Magazine: Your Guide to the Best Music, Movies & TV Shows",,,,pastemagazine,239317,,,119575,https://x.com/pastemagazine,,,,,,,pastemagazine,https://www.youtube.com/channel/UC_PscE_7n8SiMspieMGMK_A,804000,,,https://www.youtube.com/pastemagazine,
www.schweigerderm.com,https://www.schweigerderm.com/about-us,easthamptonskincare.com,,,,,,/Health/Health Conditions/Skin Conditions:/Beauty & Fitness,New York,www.schweigerderm.com:shop.schweigerderm.com,2.1,1369,13,5763322,1163968,,"33 E 33rd St 12th floor, New York, NY 10016, USA",https://www.schweigerderm.com/contact-us,US,2016/12/30,,Our top dermatology providers at Schweiger Dermatology Group are here to address all your skin care needs. We offer same day & weekend appointments. Book online today!,2,schweigerderm.com,https://www.schweigerderm.com,,723,8523652,"USD $10,921,229.12",2303689,"USD $131,054,749.44",schweigerderm,,,https://www.facebook.com/schweigerderm,https://www.schweigerderm.com/skin-care-articles/sweating/how-to-tell-if-you-have-hyperhidrosis,https://www.schweigerderm.com/nitropack_static/rrJCAiXCxLkckrhQYaEopNAafpVuaaEW/assets/images/optimized/rev-8d72b8e/www.schweigerderm.com/wp-content/uploads/2024/11/cropped-schweiger-logo-circle-dark-white-720x720-1-180x180.png,FAQ Page:Career Page:Contact Page:Headless:Has CMS,,true,true,schweigerderm,https://www.instagram.com/schweigerderm,,0,,,,,en,,,Custom Cart,2023/09/12,,2023/09/12,schweiger-dermatology,https://www.linkedin.com/company/schweiger-dermatology,,,,,Schweiger Dermatology Group,Our top dermatology providers at Schweiger Dermatology Group are here to address all your skin care needs. We offer same day & weekend appointments. Book online today!,,,,,,,,,,,,+1 888-209-4753:+1 617-834-2428:+1 609-443-0424:+1 646-558-6696:+1 212-283-3000,,,,,,,,WooCommerce,,29,0.00,,0,0,0,0,0.00,0,0,0,0,499,3448,0.02,Americas,,,,,,,,,,,,,,,,,,,New York,Active,,12th floor/33 East 33rd Street,Northern America,,Cloudflare:Facebook Pixel:Google Ads Pixel:Google Adsense:Google Analytics:Google Analytics 4:Google Tag Manager:HubSpot:Microsoft 365:Mixpanel:NitroPack:OneTrust Cookie Consent:Storepoint:WP Engine:Wordpress:reCAPTCHA,16,schweiger,0,0,,Unknown,Unknown,@schweigerdermofficial,653,6,16,https://www.tiktok.com/@schweigerdermofficial,Dermatologist Near Me | Book Dermatology or Allergy Care | Schweiger Dermatology Group,,2.1,13,,,,,,,,,,,,,schweigerdermatology,https://www.youtube.com/channel/UCBpZfbqe1xWtsEOYJ1tsoBw,716,,7,https://www.youtube.com/user/SchweigerDermatology,10016
razor.com,,razor.mobi,,,,,,/Sports/Individual Sports:/Autos & Vehicles:/Sports/Sporting Goods,,razor.com:www.razor.com.au:razor.ca:parts.razor.com:shop.razor.com,,145461,,2076040,492096,,"Southern California, CA, USA",https://razor.com/contact-support,US,2016/12/30,,"Explore Razor’s world of electric scooters, ride-ons, hoverboards, and crazy carts for kids, teens, and adults. Since 2000, we’ve been redefining how you ride.",5,razor.com,https://razor.com,,145,7815679,"USD $10,014,113.73",2112345,"USD $120,169,364.76",razorworldwide,,,https://www.facebook.com/RazorWorldwide,,https://razor.com/wp-content/uploads/2025/07/razor_blade_icon-300x300.png,Contact Page:Tracking or Returns:Tracking Page:Wholesale/Retailers Page:Warranty Page:Has CMS,,true,false,razorworldwide,https://www.instagram.com/razorworldwide,,0,,,,,en,,,,,razor,2025/11/19,razor-usa-llc,https://www.linkedin.com/company/razor-usa-llc,,,,,Razor,"Explore Razor’s world of electric scooters, ride-ons, hoverboards, and crazy carts for kids, teens, and adults. Since 2000, we’ve been redefining how you ride.",,,,,,,,,,,https://razor.com/wp-content/uploads/2025/04/default_featured.jpg,+1 231-729-6722:+1 866-467-2967:+81 44-328-9057:+81 44-328-9067,,,,,,,,WooCommerce,,30,0.00,11.1.0,0,0,0,0,0.00,0,0,0,0,33,3552,0.02,Americas,https://razor.com/retailers,,,,,https://www.amazon.com/stores/RAZOR/page/AEC846D1-FB53-4B5D-923B-5BEC5C21D395?ref_=ast_bln&store_ref=bl_ast_dp_brandLogo_sto,,,,,,,,Amazon,,,,,California,Active,https://www.fleetfarm.com/sitewide/storeLocator.jsp,,Northern America,,Cloudflare:Cloudflare CDN:Complianz:Google Analytics:Google Analytics 4:Google Tag Manager:WP Engine:Wordpress:YouTube Player,9,divi,0,0,,Unknown,Unknown,@razorworldwide,65800,353,642,https://www.tiktok.com/@razorworldwide,"Razor - Electric Scooters, Ride-Ons & Carts for Every Age",https://razor.com/shipping-returns,,,razorworldwide,9461,,-74,8392,https://x.com/razorworldwide,,https://razor.com/warranty,,,,,razorworldwide,https://www.youtube.com/channel/UCE9jk-gsxNRmqleJ_rmxztQ,70200,,342,https://www.youtube.com/RazorWorldwide,
www.colormemine.com,,,,,,,,/Toys & Hobbies/Arts & Crafts,Los Angeles,www.colormemine.com:colormemine.com.ph:costamesa.colormemine.com:naperville.colormemine.com,,1770,,16507653,338972,,"Los Angeles, CA, USA",,US,2018/03/30,,The Art of Having Fun,4,colormemine.com,https://www.colormemine.com,info@colormemine.com,324,7168890,"USD $9,185,392.07",1937537,"USD $110,224,704.84",colormemine,,,https://facebook.com/colormemine,,https://www.colormemine.com/wp-content/themes/colormemine/images/favicon.ico,Has CMS,,true,false,colormemine,https://instagram.com/colormemine,,0,,,,,en,,,,,,2020/05/30,color-me-mine,https://www.linkedin.com/company/color-me-mine,,,,,Color Me Mine,The Art of Having Fun,"paint pottery, paint your own pottery, paint your own ceramics, pottery, paint ceramics, franchise, color, pottery, ceramics, paint, paint-your-own, studio, clay, franchises, fire, color me mine, glaze, underglaze, kiln, franchise opportunity, china, stoneware, glass, mosaic, art, ceramic art, ceramic painting, pottery painting, ceramic studio,  ceramic pottery, contemporary studio, contemporary studios, franchise available, pottery studios",,,,,,,,,,,,,,,,,,,WooCommerce,,31,0.00,7.9.2,0,0,0,0,0.00,0,0,0,0,7704,3939,0.03,Americas,,,,,,,,,,,,,,,,,,,California,Active,,,Northern America,,Facebook Pixel:Google Ads Pixel:Google Adsense:Google Analytics:Google Analytics 4:Google Tag Manager:Google Workspace:Vimeo:Wordfence:Wordpress:YouTube Player:reCAPTCHA,12,colormemine,0,0,,Unknown,Unknown,@officialcolormemine,1770,20,39,https://www.tiktok.com/@officialcolormemine,Color Me Mine - The Art of Having Fun,,,,,,,,,,,,,,,,,,,,,,
www.kungfutea.com,https://www.kungfutea.com/about-kung-fu-tea,www.kfteaus.com,com.kfteausa.mobile,,,,,/Food & Drink/Beverages/Coffee & Tea,New York,www.kungfutea.com,,273033,,5047149,3761018,,"New York, NY, USA",https://www.kungfutea.com/contactus,US,2018/06/15,,"Fresh. Innovative. Fearless. America's Bubble Tea, born in NYC — 60+ flavors of boba, milk tea & slushes. Skip the line, order ahead, earn rewards.",1,kungfutea.com,https://www.kungfutea.com,,589,6903267,"USD $8,845,054.06",1865747,"USD $106,140,648.72",kungfuteausa,,,https://www.facebook.com/kungfuteausa,https://www.kungfutea.com/faq,https://www.kungfutea.com/wp-content/uploads/2021/08/CopyofSquircleLogo_smaller-300x300.png,Contact Page:Tracking or Returns:Returns Page:Tracking Page:FAQ Page:Has iOS App:Has Android App:Career Page:Has CMS,,true,false,kungfuteausa,https://www.instagram.com/kungfuteausa,,0,,id1610755017,,,en,,,Custom Cart,2022/04/22,kadence,2025/09/23,kung-fu-tea,https://www.linkedin.com/company/kung-fu-tea,,,,,Kung Fu Tea,"Fresh. Innovative. Fearless. America's Bubble Tea, born in NYC — 60+ flavors of boba, milk tea & slushes. Skip the line, order ahead, earn rewards.",,,,,,,,,,,https://www.kungfutea.com/wp-content/uploads/2026/05/Soy-Milk-Latte-Series-Website-Banner.webp,,,,,,,,,WooCommerce,,32,0.00,10.7.0,0,0,0,0,0.00,0,0,0,0,16,3990,0.03,Americas,,https://www.kungfutea.com/return-policy,,,,,,,,,,,,,,,,,New York,Active,,,Northern America,,CookieYes:DoorDash:Google Ads Pixel:Google Adsense:Google Analytics:Google Analytics 4:Google Tag Manager:Google Workspace:Hero:Snap Pixel:Uber Eats:Wordpress:reCAPTCHA,13,hello-elementor,0,0,,Unknown,Unknown,@kungfutea,272500,-338,-1114,https://www.tiktok.com/@kungfutea,Kung Fu Tea | America's Bubble Tea — Boba Near You,https://www.kungfutea.com/delivery,,,kungfuteausa,437,,,7,https://twitter.com/kungfuteausa,,,,,,,kungfutea,https://www.youtube.com/channel/UCN6RfUBRjMRR_6sEypCHj3Q,96,,-1,https://www.youtube.com/@kungfutea,
lian-li.com,https://lian-li.com/about-us,www.sieglohr.de,,,,,,/Computers,,lian-li.com,,,,662909,399881,registration,,https://lian-li.com/contact-us,GB,2016/12/30,GBP,"Computer Case for PC Builders and Gamers. Water Cooling, RGB Fans, PC Desk Cases, Gaming Cases, PC Build.",1,lian-li.com,https://lian-li.com,,1,6837447,"USD $8,760,719.26",1847958,"USD $105,128,631.12",lianliglobal,,,https://www.facebook.com/LianliGlobal,https://lian-li.com/faq,https://lian-li.com/wp-content/uploads/2020/08/cropped-icon_bgB-2-180x180.png,FAQ Page:Contact Page:Tracking or Returns:Returns Page:Wholesale/Retailers Page:Warranty Page:Has CMS,,true,false,lianlihq,https://www.instagram.com/lianlihq,,0,,,,,en,,,,,,2020/12/31,lian-li,https://www.linkedin.com/company/lian-li,,,,,Computer Cases,"Computer Case for PC Builders and Gamers. Water Cooling, RGB Fans, PC Desk Cases, Gaming Cases, PC Build.",,,,,,,,,,,https://new.nuxmax.com/wp-content/uploads/2020/08/cropped-logo_w-4.png,+886 2 8791 8000:+44 70 4917 8889:+62 855-1478-985,,,,,,,,WooCommerce,,33,0.00,10.7.0,0,0,0,0,0.00,0,0,0,0,24,4083,0.03,Europe,https://lian-li.com/where-to-buy,https://lian-li.com/uni-fan-flex-receiver-exchange-program,,,,,,,,,,,,,UPS,,,,,Active,,,Northern Europe,,Google Ads Pixel:Google Adsense:Google Analytics:Google Analytics 4:Google Tag Manager:Wordpress:Zendesk,7,oceanwp,0,0,,Unknown,Unknown,,,,,,LIAN LI is a Leading Provider of PC Cases | Computer Cases,,,,,,,,,,,https://lian-li.com/warranty-policy,,,,,,,,,,,
www.elliott.org,https://www.elliott.org/about-elliott-consumer-advocacy,chriselliotts.com,,,,,,,Prescott,www.elliott.org:elliott.gallery:elliott.ee:elliott.link:elliott.news,,75560,,254064,96361,,"Prescott, AZ, USA",https://www.elliott.org/contact,US,2016/12/30,USD,Elliott Report (Elliott.org) is a consumer news site dedicated to resolving problems between businesses and their customers.,5,elliott.org,https://www.elliott.org,elliottc@gmail.com,1,6841090,"USD $8,765,387.24",1848943,"USD $105,184,646.88",elliottdotorg,elliottadvocacy,https://www.facebook.com/groups/elliottadvocacy,https://www.facebook.com/elliottdotorg,https://www.elliott.org/ultimate-consumer-guides-smart-travelers/how-to-get-a-refund-from-ticketmaster,https://www.elliott.org/wp-content/uploads/ms-icon-150x150-1.jpg,FAQ Page:Brands Page:Contact Page:Returns Page:Wholesale/Retailers Page:Warranty Page:Tracking or Returns:Tracking Page:Financing Page:Brand Advocate Page:Has Blog:Headless:Has CMS,https://www.elliott.org/company-contacts/progressive-leasing-customer-service-contacts,true,true,elliottdotorg,https://www.instagram.com/elliottdotorg,,0,,,,,en,,,,,,2024/07/12,elliottadvocacy,https://www.linkedin.com/company/elliottadvocacy,,,,,Elliott Report,Elliott Report (Elliott.org) is a consumer news site dedicated to resolving problems between businesses and their customers.,,,,,,,,,,,,+1 202-370-7934:+1 855-359-2932:+420 239 007 007:+1 877-585-1235:+1 833-844-8095,,,,,,,,WooCommerce,,34,0.00,,0,0,0,0,0.00,0,0,0,0,2174,4109,0.03,Americas,https://www.elliott.org/company-contacts/bjs-wholesale-club,https://www.elliott.org/the-troubleshooter/avis-charged-her-for-returning-a-car-early-then-things-got-complicated,,,,,,,,,,,,,Fedex,,,,Arizona,Active,,,Northern America,,Afterpay:Cloudflare:Cloudflare CDN:Google Ads Pixel:Google Adsense:Google Analytics:Google Tag Manager:Google Workspace:Klarna:Wordpress:Yoast:YouTube Player:Zendesk:reCAPTCHA,14,generatepress,0,0,,Unknown,Unknown,,,,,,Home - Elliott Report,https://www.elliott.org/company-contacts/lindblad-expeditions-national-geographic,,,elliottdotorg,70400,,,,https://twitter.com/elliottdotorg,,https://www.elliott.org/company-contacts/first-american-home-warranty,,,,,elliottdotorg,https://www.youtube.com/channel/UCqvUDFzaVlyO1ZVlWRuuNiQ,5160,,25,https://youtube.com/elliottdotorg,
ledopizza.com,https://ledopizza.com/about,help.ledopizza.com,com.olo.ledopizza,,,,,/Food & Drink/Food/Pizza,,ledopizza.com,,51445,,1997092,470455,,United States,https://ledopizza.com/contact,US,2016/12/30,,"Ledo Pizza is Square Because Ledo Pizza Never Cuts Corners! Fresh made Pizza, Wings, Subs, and Calzones! A favorite for pizza near me!",1,ledopizza.com,https://ledopizza.com,,376,6369351,"USD $8,160,954.84",1721446,"USD $97,931,458.08",ledopizza,,,https://www.facebook.com/ledopizza,,https://ledopizza.com/wp-content/uploads/2016/12/cropped-Favicon-180x180.gif,Has iOS App:Has Android App:Contact Page:Tracking or Returns:Tracking Page:Has CMS,,true,false,ledopizza,https://instagram.com/ledopizza,https://woocommerce.com/products/authorize-net/,1,"Authorize.net, a Visa solution",id1500029599,,,en,,,,,,2020/05/29,ledo-pizza,https://www.linkedin.com/company/ledo-pizza,,,,,Ledo Pizza,"Ledo Pizza is Square Because Ledo Pizza Never Cuts Corners! Fresh made Pizza, Wings, Subs, and Calzones! A favorite for pizza near me!",,,,,,,,,,,https://ledopizza.com/wp-content/uploads/2016/05/Deck.jpg,+1 410-721-6887,,,,,,,,WooCommerce,,35,0.00,11.0.1,0,0,0,0,0.00,0,0,0,0,113,4268,0.03,Americas,,,,,,,,,,,,,,,,,,,,Active,,,Northern America,,Attentive:Authorize.net:Cloudflare:Cloudflare CDN:Facebook Pixel:Google Ads Pixel:Google Adsense:Google Analytics:Google Workspace:Moove GDPR Cookie Compliance:TikTok Pixel:WP Rocket:Wordpress:Yoast:Zeta:reCAPTCHA,16,ledo,0,0,,Unknown,Unknown,,,,,,"Pizza, Wings, Subs, and Salads | Ledo Pizza",https://ledopizza.com/store/va-arlington-south-delivery-location,,,ledopizza,51100,,,29820,https://x.com/ledopizza,,,,,,,ucak-ojkwuxpocpbx7yetv3g,https://www.youtube.com/channel/UCaK-OjkwUxpoCpbX7yETV3g,345,,5,https://www.youtube.com/channel/UCaK-OjkwUxpoCpbX7yETV3g,
www.patientfirst.com,https://www.patientfirst.com/about-us,patientfirst.com,,,,,,,,www.patientfirst.com,,1388,,15161434,25801872,,,https://www.patientfirst.com/contact-us/billing,US,2016/12/30,,"Exceptional walk-in urgent and primary care, telehealth, and occupational health services in Virginia, DC, Pennsylvania, New Jersey, and Maryland.",1,patientfirst.com,https://www.patientfirst.com,admin.offices@patientfirst.com,,6515830,"USD $8,348,635.84",1761035,"USD $100,183,630.08",patientfirst,,,https://www.facebook.com/PatientFirst,https://www.patientfirst.com/faq-resources,https://www.patientfirst.com/wp-content/uploads/cropped-favicon-180x180.webp,FAQ Page:Contact Page:Has Blog:Career Page:Has CMS,,true,false,patientfirst,https://www.instagram.com/patientfirst,,0,,,,,en,,,,,,2025/09/17,patient-first,https://www.linkedin.com/company/patient-first,,,,,Patient First,"Exceptional walk-in urgent and primary care, telehealth, and occupational health services in Virginia, DC, Pennsylvania, New Jersey, and Maryland.",,,,,,,,,,,https://www.patientfirst.com/wp-content/uploads/happy-doctor-handshaking-with-her-senior-patient-1.jpg,+1 800-447-8588:+1 804-968-5700:+1 804-968-5725:+1 866-990-2533:+1 800-527-2335,,,,,,,,WooCommerce,,36,0.00,,0,0,0,0,0.00,0,0,0,0,265,4335,0.03,Americas,,,,,,,,,,,,,,,,,,,,Active,,,Northern America,,Proofpoint Email Security:Vimeo:WP Rocket:Wordpress:Yoast:YouTube Player:reCAPTCHA,7,bb-theme-child,0,0,,Unknown,Unknown,,,,,,"Patient First: Urgent Care, Primary Care, and Walk-In Care",,,,patientfirst,1388,,,13735,https://x.com/PatientFirst,,,,,,,,,,,,,
www.henryusa.com,https://www.henryusa.com/about-us,www.henryarmory.com,,,,,,,Bayonne,www.henryusa.com,3.7,46000,1,10270126,23027191,,"Bayonne, NJ, USA",https://www.henryusa.com/contact-henry-repeating,US,2017/02/03,USD,"Henry is the leading lever-action firearms manufacturer in the USA. All Henry lever action rifles and shotguns are ""Made in America, Or Not Made At All.""",1,henryusa.com,https://www.henryusa.com,,85,6181340,"USD $7,920,058.89",1670632,"USD $95,040,706.68",henryrepeating,,,https://www.facebook.com/HenryRepeating,,https://www.henryusa.com/wp-content/themes/henry/img/icons/apple-touch-icon-ipad-retina.png,Contact Page:Tracking or Returns:Returns Page:Tracking Page:Wholesale/Retailers Page:Has CMS,,true,false,henry_rifles,https://www.instagram.com/henry_rifles,,0,,,,,en,,,Custom Cart,2023/03/23,,2021/04/17,9142211,https://www.linkedin.com/company/9142211,,,,,www.henryusa.com,"Henry is the leading lever-action firearms manufacturer in the USA. All Henry lever action rifles and shotguns are ""Made in America, Or Not Made At All.""",,,,,,,,,,,https://www.henryusa.com/wp-content/uploads/2023/12/henry-social.png,+1 715-736-3040:+1 866-200-2354:+1 201-858-4400,,,,,,,,WooCommerce,,37,0.00,11.1.0,0,0,0,0,0.00,0,0,0,0,5696,4348,0.03,Americas,https://www.henryusa.com/own-a-henry/find-a-henry-dealer,https://www.henryusa.com/shipping-return-policy,,,,,,,,,,,,,UPS:USPS,,,,New Jersey,Active,,,Northern America,,Cloudflare:Cookiebot:Facebook Pixel:Google Ads Pixel:Google Adsense:Google Tag Manager:HubSpot:LinkedIn Insight Tag:Microsoft Clarity:WP Engine:Wordpress:accessiBe:reCAPTCHA,13,henry,0,0,,Unknown,Unknown,,,,,,"Henry Lever Action Rifles, Shotguns, and Revolvers",https://www.henryusa.com/firearm/h1-tracker-rifle-carbine,3.7,1,henryrifles,46000,,,1253,https://twitter.com/henryrifles,,,,,,,uc8egtlqbzjzubrqkto2_xda,https://www.youtube.com/channel/UC8EGtlQBzjZubrqKTO2_xDA,,,,https://www.youtube.com/channel/UC8EGtlQBzjZubrqKTO2_xDA,
insightcrime.org,https://insightcrime.org/about-us,insightcrime.com,,,,,,/Safety & Survival/Safety/Law Enforcement,,insightcrime.org,,78200,,23978,81169,,"Medellín, Medellin, Antioquia, Colombia",https://insightcrime.org/contact-us,US,2016/12/30,USD,InSight Crime is a media organization and think tank dedicated to the study of organized crime in the Americas.,1,insightcrime.org,https://insightcrime.org,donations@insightcrime.org:communications@insightcrime.org:info@insightcrime.org,,6273347,"USD $8,037,946.55",1695499,"USD $96,455,358.60",insightcrime,,,https://www.facebook.com/InSightCrime,,https://i0.wp.com/insightcrime.org/wp-content/uploads/2023/04/ICON-Insight-Crime-svg-Elisa-Roldan-Restrepo.png?fit=146%2C146&quality=100&ssl=1,Tracking Page:Contact Page:Tracking or Returns:Returns Page:Financing Page:Career Page:Has CMS,https://insightcrime.org/news/on-the-radar-maduro-trial-takes-shape-brazil-targets-pcc-finances,true,false,insightcrime,https://www.instagram.com/insightcrime,https://woocommerce.com/products/authorize-net/:https://woocommerce.com/products/mailchimp-for-woocommerce/:https://woocommerce.com/products/name-your-price/:https://woocommerce.com/products/woocommerce-subscriptions/,4,"Authorize.net, a Visa solution:Mailchimp:Name Your Price:WooCommerce Subscriptions",,,,en,,,,,,2023/11/03,insight-crime,https://www.linkedin.com/company/insight-crime,,,,,InSight Crime,InSight Crime is a media organization and think tank dedicated to the study of organized crime in the Americas.,,,,,,,,,,,https://insightcrime.org/wp-content/uploads/2026/07/CoverLanding-Summer-InSights-2026-1024x576.jpg,+1 315-215-0940,,,,,,,,WooCommerce,,38,0.00,,0,0,0,0,0.00,0,0,0,0,6299,4415,0.03,Americas,,https://insightcrime.org/es/noticias/regreso-narco-rebelde-podria-impactar-dinamicas-criminales-haiti,,,,,,,,,,,,,,,,,,Active,,,Northern America,,Authorize.net:Complianz:Facebook Pixel:Google Ads Pixel:Google Adsense:Google Analytics:Google Analytics 4:Google Tag Manager:Google Workspace:Hotjar:Mailchimp:Wordpress:Yoast:YouTube Player:reCAPTCHA,15,newspack-theme,0,0,,Unknown,Unknown,,,,,,InSight Crime - Investigation and Analysis of Organized Crime,https://insightcrime.org/news/el-makabelico-and-the-narco-rap-soundtrack-of-mexicos-northeast-cartel,,,insightcrime_es,67000,,2057,58835,https://twitter.com/InSightCrime_es,,,,,,,insightcrime,https://www.youtube.com/channel/UChEvdHcQEGdoKTsLFeNdb7g,11200,,320,https://www.youtube.com/@InSightCrime,
add.org,https://add.org/about-adda,www.add.org,so.circle.circle,,,,,/Science/Biological Sciences/Neuroscience,,add.org:add.directory:add.center:add.edu.pl:www.add.cz:add.ge:add.biz.pl:www.add.it:add.rocks:demo29.add.bg:demo49.add.bg,,,,80757,88082,,,https://add.org/contact-adda,US,2016/12/30,USD,"Empowering adults with adhd to live their best lives A Different Brain Requires a Different Approach Whether you’re newly diagnosed, wondering if you have ADHD, or simply ready to take charge of your life – we’re here to help. Have …",11,add.org,https://add.org,,142,7878938,"USD $10,095,166.80",2129442,"USD $121,142,001.60",adhdadult,,,https://www.facebook.com/ADHDAdult,https://add.org/how-to-find-an-adhd-coach,https://add.org/wp-content/uploads/2020/07/cropped-ADDA-favicon-180x180.png,Has Android App:Has iOS App:Product Page Video Tag:Contact Page:FAQ Page:Has CMS,,true,false,,,https://woocommerce.com/products/automatewoo/:https://woocommerce.com/products/firstdata/:https://woocommerce.com/products/woocommerce-memberships/:https://woocommerce.com/products/woocommerce-subscriptions/,4,AutomateWoo:Clover Gateway:WooCommerce Memberships:WooCommerce Subscriptions,id1509651625,,,en,,,,,volts-child,2020/08/04,,,,,,,ADDA,"Empowering adults with adhd to live their best lives A Different Brain Requires a Different Approach Whether you’re newly diagnosed, wondering if you have ADHD, or simply ready to take charge of your life – we’re here to help. Have …",,,,,,,,,,,https://add.org/wp-content/uploads/2022/09/ADDA-Hero2022-v2.jpg,+1 800-939-1019:+1 719-362-5335,,,,,,,,WooCommerce,,39,0.00,8.4.3,0,0,0,0,0.00,0,0,0,0,1678,4425,0.03,Americas,,,,,,,,,,,,,,,,,,,,Active,,,Northern America,,Facebook Pixel:Google Ads Pixel:Google Adsense:Google Analytics:Google Tag Manager:Microsoft 365:Microsoft Clarity:Wordpress:Yoast:reCAPTCHA,10,eduma,0,0,,Unknown,Unknown,,,,,,Home - ADDA - Attention Deficit Disorder Association,,,,,,,,,,,,,,,,,,,,,,
first-avenue.com,https://first-avenue.com/about,palacestp.com,,,,,,/Arts & Entertainment/Concerts & Music Festivals,Minneapolis,first-avenue.com,,154500,,125865,275317,,"Minneapolis, MN, USA",https://first-avenue.com/contact,US,2016/12/30,USD,"First Avenue is more than just four walls, a soundboard, and a stage; it is the epicenter of live music and entertainment in Minneapolis.",1,first-avenue.com,https://first-avenue.com,info@first-avenue.com:members@first-avenue.com,102,6079109,"USD $7,789,072.61",1643002,"USD $93,468,871.32",firstavenue,,,https://www.facebook.com/firstavenue,,https://first-avenue.com/wp-content/themes/firstave/images/favicons/apple-touch-icon-152x152.png,Tracking Page:Contact Page:Tracking or Returns:Signature Required:Has CMS,,true,false,firstavenue,https://www.instagram.com/firstavenue,https://woocommerce.com/products/woocommerce-subscriptions/,1,WooCommerce Subscriptions,,,,en,,,,,,2020/10/08,the-depot-tavern-first-ave,https://www.linkedin.com/company/the-depot-tavern-first-ave,,,,,First Avenue,"First Avenue is more than just four walls, a soundboard, and a stage; it is the epicenter of live music and entertainment in Minneapolis.",,,,,,,,,,,https://first-avenue.com/wp-content/uploads/2008/03/first-avenue.jpg,,,,,,,,,WooCommerce,,40,0.00,10.2.2,0,0,0,0,0.00,0,0,0,0,8514,4430,0.03,Americas,,,,,,,,,,,,,,,,,,,Minnesota,Active,,,Northern America,,Facebook Pixel:Google Ads Pixel:Google Adsense:Google Analytics:Google Tag Manager:Hotjar:Microsoft 365:New Relic:Stripe:Wordpress:Yoast:YouTube Player:reCAPTCHA,13,firstave,0,0,,Unknown,Unknown,,,,,,First Avenue - Your Downtown Danceteria Since 1970,https://first-avenue.com/performer/motion-city-soundtrack,,,firstavenue,154500,,-514,34222,https://twitter.com/firstavenue,,,,,,,,,,,,,
homesteadandchill.com,https://homesteadandchill.com/about,www.homesteadandchill.com,,,,,,/Food & Drink,,homesteadandchill.com,,86200,,1505702,654676,,,,,2019/12/20,,"Homestead and Chill shares information on organic gardening and modern homesteading, including how to grow and preserve food, raise chickens, bake sourdough bread, make herbal remedies and more.",1,homesteadandchill.com,https://homesteadandchill.com,hello@homesteadandchill.com,,6067981,"USD $7,774,814.06",1639994,"USD $93,297,768.72",homesteadandchill,,,https://www.facebook.com/HomesteadandChill,https://homesteadandchill.com/how-to-press-flowers-beginners-guide,https://homesteadandchill.com/wp-content/uploads/2021/01/H-300x300.png,FAQ Page:Tracking or Returns:Returns Page:Signature Required:Has Blog:Has CMS,,true,false,,,https://woocommerce.com/products/mailchimp-for-woocommerce/:https://woocommerce.com/products/woopayments/,2,Mailchimp:WooPayments,,,,en,,,,,ashe-pro-premium,2026/02/20,,,,,,,~ Homestead and Chill,"Homestead and Chill shares information on organic gardening and modern homesteading, including how to grow and preserve food, raise chickens, bake sourdough bread, make herbal remedies and more.",,,,,,,,,,,https://homesteadandchill.com/wp-content/uploads/2024/02/homestead-and-chill-garden-raised-beds-homepage-1.jpg,,,,,,,,,WooCommerce,,41,0.00,10.8.1,0,0,0,0,0.00,0,0,0,0,165,4449,0.03,,,https://homesteadandchill.com/return-policy,,,,,,,,,,,,,,,,,,Active,,,,,Affiliatly:Cloudflare:Cloudflare CDN:Facebook Pixel:Google Ads Pixel:Google Adsense:Google Analytics:Google Analytics 4:Google Tag Manager:Google Workspace:LinkShare:Mailchimp:MonsterInsights:Wordpress:Yoast:YouTube Player,16,ashe-pro-child,0,0,,Unknown,Unknown,,,,,,Home ~ Homestead and Chill,,,,,,,,,,,,,,,,homesteadandchill,https://www.youtube.com/channel/UCj1gIE5dXOWJKK8YqfHLy4g,86200,,342,https://www.youtube.com/homesteadandchill,
www.lpzoo.org,https://www.lpzoo.org/about-the-zoo,oksoberfestchicago.com,,,,,,"/Attractions/Zoos, Aquariums & Preserves",Chicago,www.lpzoo.org,,75100,,7156284,6813641,,"Chicago, IL, USA",https://www.lpzoo.org/contact,US,2016/12/30,,"Founded in 1868, Lincoln Park Zoo is among the most established zoos in the country.",1,lpzoo.org,https://www.lpzoo.org,members@lpzoo.org:learning@lpzoo.org:support@lpzoo.org,390,6009624,"USD $7,700,041.54",1624222,"USD $92,400,498.48",lincolnparkzoo,,,https://www.facebook.com/lincolnparkzoo,https://www.lpzoo.org/how-to-maximize-your-pokemon-go-fest-experience-at-lincoln-park-zoo,https://www.lpzoo.org/wp-content/uploads/2023/02/favicon.png,Contact Page:Tracking or Returns:Tracking Page:FAQ Page:Has CMS,,true,false,lincolnparkzoo,https://www.instagram.com/lincolnparkzoo,,0,,,,,en,,,,,lpz-theme-2020,2023/04/27,lincoln-park-zoo,https://www.linkedin.com/company/lincoln-park-zoo,,,,,Lincoln Park Zoo,"Founded in 1868, Lincoln Park Zoo is among the most established zoos in the country.",,,,,,,,,,,,+1 312-742-2000:+1 312-742-2322,,,,,,,,WooCommerce,,42,0.00,10.7.0,0,0,0,0,0.00,0,0,0,0,363,4457,0.03,Americas,,,,,,,,,,,,,,,,,,,Illinois,Active,,,Northern America,Trending on TikTok,Cloudflare:Cookiebot:Google Tag Manager:Microsoft 365:WP Engine:WP Rocket:Wordpress:Yoast:YouTube Player,9,orbit-media,0,0,,Unknown,Unknown,@lincolnparkzoo,21300,1285,1767,https://www.tiktok.com/@lincolnparkzoo,Wildlife Experience in the Heart of Chicago | Lincoln Park Zoo,https://www.lpzoo.org/science-project/pmctrack,,,lincolnparkzoo,39500,,-257,24467,https://www.twitter.com/lincolnparkzoo,,,,,,,lincolnparkzoo,https://www.youtube.com/channel/UCo4HQQ2o35-boGkAvO8b9UQ,14300,,,https://www.youtube.com/lincolnparkzoo,
d1baseball.com,https://d1baseball.com/about,www.d1baseball.com,,,,,https://d1baseball.com/player/jjgRJrFE/josh-marchese,/Sports/Team Sports/Baseball:/Sports/College Sports,Omaha,d1baseball.com,,262500,,291365,699968,,"Omaha, NE, USA",https://d1baseball.com/contact,US,2016/12/30,,"D1Baseball.com is your home for the latest college baseball news, game scores, team schedules, conference standings, player stats, and historical data.",1,d1baseball.com,https://d1baseball.com,,,5699135,"USD $7,302,216.67",1540306,"USD $87,626,600.04",d1baseball,,,https://www.facebook.com/D1Baseball,https://d1baseball.com/podcasts/d1-daily/how-to-help-hitters-with-chase-contact-issues,https://cdn.d1baseball.com/uploads/2023/09/11183929/D1Basball-Submark-200x200.png,Contact Page:Tracking or Returns:Tracking Page:FAQ Page:Sizing Page:Has CMS,,true,false,d1baseball,https://www.instagram.com/d1baseball,https://woocommerce.com/products/authorize-net/:https://woocommerce.com/products/mailchimp-for-woocommerce/:https://woocommerce.com/products/smart-coupons/:https://woocommerce.com/products/woocommerce-memberships/:https://woocommerce.com/products/woocommerce-subscriptions/,5,"Authorize.net, a Visa solution:Mailchimp:Smart Coupons:WooCommerce Memberships:WooCommerce Subscriptions",,,,en,,,,,d1-wp,2026/04/06,,,,,,,D1Baseball.com,"D1Baseball.com is your home for the latest college baseball news, game scores, team schedules, conference standings, player stats, and historical data.",,,,,,,,,,,https://d1baseball.com/wp-content/uploads/2025/09/Untitled-design-1.png,,,,,,,,,WooCommerce,,43,0.00,11.1.0,0,0,0,0,0.00,0,0,0,0,10715,4591,0.03,Americas,,,,,,,,,,,,,,,,,,,Nebraska,Active,,,Northern America,,Authorize.net:Cloudflare:Cloudflare CDN:Facebook Pixel:Google Ads Pixel:Google Adsense:Google Analytics:Google Analytics 4:Google Tag Manager:Google Workspace:Mailchimp:Object Cache Pro Wordpress Plugin:Tapfiliate:Twitter Pixel:WP Rocket:Wordpress:Yoast:optinmonster,18,enfold,0,0,,Unknown,Unknown,,,,,,"D1Baseball.com | College Baseball Rankings, Scores, News",https://d1baseball.com/prospects/2026-mlb-draft-tracker,,,d1baseball,252300,,4888,70479,https://x.com/D1Baseball,,,,,,,d1baseball,https://www.youtube.com/channel/UCfQP7HowPSrVY1hYDL-r5zw,10200,,657,https://youtube.com/@d1baseball,
madbarn.com,https://www.uu.nl/en/organisation/faculty-of-veterinary-medicine/about-the-faculty/department-population-health-sciences/animals-in-science-and-society,www.madbarn.com,,,,,,/Pets & Animals/Horses:/Pets & Animals/Pet Food & Supplies:/Health/Nutrition,,madbarn.com:madbarn.ca:madbarn.ru,,14047,,332064,642691,,"Stratford, ON, Canada",https://madbarn.com/contact,US,2016/12/30,USD,"Mad Barn is the best source of high-quality horse supplements and equine nutrition info. View our vitamins & minerals, gut supplements, joint health products & more.",3,madbarn.com,https://madbarn.com,info@madbarn.com,19,5780544,"USD $7,406,524.76",1562309,"USD $88,878,297.12",madbarnequine,,,https://www.facebook.com/madbarnequine,https://madbarn.com/faq,https://madbarn.com/wp-content/uploads/2020/05/Favicon-114.png,Contact Page:Career Page:FAQ Page:Tracking Page:Returns Page:Tracking or Returns:Has CMS,,true,false,madbarnequine,https://www.instagram.com/madbarnequine,https://woocommerce.com/products/mailchimp-for-woocommerce/:https://woocommerce.com/products/woocommerce-subscriptions/,2,Mailchimp:WooCommerce Subscriptions,,,,en,,,Custom Cart,2021/08/21,Avada-Child-Theme,2026/04/22,madbarn,https://www.linkedin.com/company/madbarn,,,,,Mad Barn Equine,"Mad Barn is the best source of high-quality horse supplements and equine nutrition info. View our vitamins & minerals, gut supplements, joint health products & more.",,,,,,,,,,,https://madbarn.com/wp-content/uploads/2025/01/mad-barn-professional-equine-nutrition-consultations-scaled.jpg,+1 833-623-2276:+1 507-623-2276,madbarnequine,45,,,354,https://www.pinterest.com/madbarnequine,,WooCommerce,,44,0.00,,0,0,0,0,0.00,0,0,0,0,1941,4635,0.03,Americas,,https://madbarn.com/returning-a-horse-to-work,,,,,,,,,,,,,,,,,,Active,,,Northern America,,Cloudflare:Cloudflare CDN:Complianz:Facebook Pixel:Mailchimp:Metorik:Microsoft 365:Vimeo:Wordpress:YouTube Player:Zoho SalesIQ:reCAPTCHA,12,avada,0,0,,Unknown,Unknown,@madbarnequine,11700,84,514,https://www.tiktok.com/@madbarnequine,Mad Barn Equine - Nutrition Supplements for Horses,https://madbarn.com/shipping-fever-in-horses,,,madbarnequine,442,,5,248,https://x.com/madbarnequine,,,,,,,madbarn,https://www.youtube.com/channel/UC-CP6a1MoVYuxsndAHz7K6Q,1860,,162,https://www.youtube.com/@madbarn,
www.eatatjacks.com,,workatjacks.com,com.jacks.app,,,,,/Food & Drink,Homewood,www.eatatjacks.com,,16000,,17405803,23115594,,"Homewood, AL US",https://feedback.ovationup.com/contact-us/686ec40bae9e35824e418761/69052f654b85c25720c18d16?source=website,US,2016/12/30,,"Jack's Family Restaurants serves up Southern comfort food done right. From our famous biscuits to hand-breaded chicken, find your nearest location and order online today.",1,eatatjacks.com,https://www.eatatjacks.com,digitalmarketing@eatatjacks.com,517,5568620,"USD $7,134,989.90",1505032,"USD $85,619,878.80",eatatjacks,,,https://www.facebook.com/eatatjacks,,https://www.eatatjacks.com/wp-content/uploads/2026/04/cropped-jacks-circle-logo-1-scaled-1-180x180.png,Contact Page:Has iOS App:Has Android App:Career Page:Has CMS,,true,false,eatatjacks,https://www.instagram.com/eatatjacks,,0,,id1468067588,,,en,,,,,,2023/12/13,jack's-family-restaurants-inc.,https://www.linkedin.com/company/jack%27s-family-restaurants-inc.,,,,,Jack's Family Restaurants,"Jack's Family Restaurants serves up Southern comfort food done right. From our famous biscuits to hand-breaded chicken, find your nearest location and order online today.",,,,,,,,,,,https://www.eatatjacks.com/wp-content/uploads/2026/04/Exterior-Example-9.jpg,,,,,,,,,WooCommerce,,45,0.00,10.8.1,0,0,0,0,0.00,0,0,0,0,246,4638,0.03,Americas,,,,,,,,,,,,,,,,,,,Alabama,Active,,,Northern America,,Cloudflare:Cookie Law Info:CookieYes:Facebook Pixel:Google Ads Pixel:Google Adsense:Google Tag Manager:Hotjar:Microsoft 365:Steelhouse:TikTok Pixel:Vimeo:WP Engine:Wordpress:Yoast:Zeta,16,hello-elementor,0,0,,Unknown,Unknown,@jacksfamilyrestaurants,16000,,1384,https://www.tiktok.com/@jacksfamilyrestaurants,HOME - Jack's Family Restaurants,,,,,,,,,,,,,,,,eatatjacks,https://www.youtube.com/channel/UCYI-3vdoG8h7dHnjwbQGpgA,,,,https://www.youtube.com/eatatjacks,
www.catster.com,https://www.catster.com/about-us,www.consciouscat.org,,,,,,/Pets & Animals/Cats,,www.catster.com,,143240,,4089149,12899594,,,https://www.catster.com/contact-us,,2017/10/27,,Catster Magazine is your source for cat news and expert insights on care and behavior. Get access to digital content today at Catster! Use discount code 0b890d74,1,catster.com,https://www.catster.com,,,5624305,"USD $7,206,339.24",1520082,"USD $86,476,070.88",catster,,,https://www.facebook.com/catster,https://www.catster.com/lifestyle/how-to-entertain-a-bored-cat,https://www.catster.com/wp-content/uploads/2026/08/cropped-catster-site-icon-512x512-1-180x180.png,FAQ Page:Contact Page:Signature Required:Tracking or Returns:Tracking Page:Brand Advocate Page:Headless:Has CMS,,true,true,catstermag,https://www.instagram.com/catstermag,,0,,,,,en,,,,,astra,2025/06/25,,,,,,,Catster,Catster Magazine is your source for cat news and expert insights on care and behavior. Get access to digital content today at Catster! Use discount code 0b890d74,,,,,,,,,,,https://www.catster.com/wp-content/uploads/2026/02/Catster-social-image.jpeg,,catstermag,1100,,,,https://www.pinterest.com/CatsterMag,,WooCommerce,,46,0.00,8.9.3,0,0,0,0,0.00,0,0,0,0,2982,4646,0.03,,,,,,,,,,,,,,,,,,,,,Active,,,,,Cloudflare:Cloudflare CDN:Google Workspace:Object Cache Pro Wordpress Plugin:WP Rocket:Wordpress:Yoast:YouTube Player:MailerLite,9,hello-elementor,0,0,,Unknown,Unknown,@catstermag,87400,,-214,https://www.tiktok.com/@catstermag,"Catster: Cat Health, Care Guides, & Shop by Veterinarians & Experts",https://www.catster.com/lifestyle/ways-a-cat-tracker-can-keep-your-cat-safer-healthier-happier,,,catster,46500,,,19847,https://x.com/catster,,,,,,,excitedcats,https://www.youtube.com/channel/UCGfbSU-bZbw47ELLO2YA6rw,8240,128,316,https://www.youtube.com/c/excitedcats,
iupac.org,https://iupac.org/responsible-chemistry/about,,,,,,,/Science,Durham,iupac.org,,26040,,9899,28412,,"Research Triangle, Durham, NC, USA",https://iupac.org/contact,US,2016/12/30,,IUPAC serves the international scientific endeavor in the dual function of a basic science and a mission-oriented Union. The Union is in a unique position,1,iupac.org,https://iupac.org,,44,5911986,"USD $7,574,939.74",1597834,"USD $90,899,276.88",iupac.org,,,https://www.facebook.com/IUPAC.org,,https://iupac.org/responsible-chemistry/wp-content/uploads/sites/6/2024/07/cropped-FINAL-Main-Logo-TRANSPARENT-180x180.png,Contact Page:Brand Advocate Page:Has CMS,,true,false,iupac.global.womens.breakfast,https://www.instagram.com/iupac.global.womens.breakfast,,0,,,,,en,,,,,,2024/06/07,iupac,https://www.linkedin.com/company/iupac,,,,,IUPAC,IUPAC serves the international scientific endeavor in the dual function of a basic science and a mission-oriented Union. The Union is in a unique position,,,,,,,,,,,,+1 919-485-8700,,,,,,,,WooCommerce,,47,0.00,,0,0,0,0,0.00,0,0,0,0,2021,4669,0.03,Americas,,,,,,,,,,,,,,,,,,,North Carolina,Active,,,Northern America,,Cloudflare:Cloudflare CDN:Facebook SDK:Google Ads Pixel:Google Adsense:Google Analytics:Google Tag Manager:Hotjar:Microsoft 365:WP Engine:Wordpress:Yoast:reCAPTCHA:Mailchimp,14,iupac,0,0,,Unknown,Unknown,,,,,,International Union of Pure and Applied Chemistry,,,,iupac,24500,,,2525,https://twitter.com/IUPAC,,,,,,,uckg5dzbtxwnb45s3prcx_qw,https://www.youtube.com/channel/UCKg5DzBtxwnB45S3PRcX_qw,1540,16,34,https://www.youtube.com/channel/UCKg5DzBtxwnB45S3PRcX_qw,
barlouie.com,https://barlouie.com/about-us,www.barlouie.com,com.barlouie.app,,,,,/Food & Drink,,barlouie.com,,347,,2106499,734745,,,https://barlouie.com/contact-us,US,2020/08/14,USD,"Bar Louie is your go-to neighborhood bar for handcrafted cocktails and a lively atmosphere—perfect for happy hour, brunch, or a night out.",1,barlouie.com,https://barlouie.com,,,5321942,"USD $6,818,925.37",1438362,"USD $81,827,104.44",barlouie,,,https://www.facebook.com/BarLouie,https://barlouie.com/faqs,https://barlouie.com/wp-content/uploads/2025/12/Untitled-design-3.svg,Has Android App:Contact Page:FAQ Page:Has CMS,,true,false,barlouie,https://www.instagram.com/barlouie,,0,,,,,en,,,,,,2026/02/04,bar-louie,https://www.linkedin.com/company/bar-louie,,,,,Bar Louie,"Bar Louie is your go-to neighborhood bar for handcrafted cocktails and a lively atmosphere—perfect for happy hour, brunch, or a night out.",,,,,,,,,,,https://barlouie.com/wp-content/uploads/2026/02/2026-02-BL_Wine-Marg-v2_1200x600-12.webp,,,,,,,,,WooCommerce,,48,0.00,11.1.0,0,0,0,0,0.00,0,0,0,0,30,4732,0.03,Americas,,,,,,,,,,,,,,,,,,,,Active,,,Northern America,,Cloudflare:Facebook Pixel:Google Ads Pixel:Google Adsense:Google Tag Manager:Microsoft 365:WP Engine:Wordpress:Yoast:reCAPTCHA,10,blocksy,0,0,,Unknown,Unknown,,,,,,"Bar Louie | Craft Cocktails, Food & Neighborhood Bar",,,,,,,,,,,,,,,,barlouievideos,https://www.youtube.com/channel/UCuvcExyzC4wXKeVmqpjNBwA,347,,3,https://www.youtube.com/@BarLouieVideos,
www.additudemag.com,,additudemag.com:www.adhdmedsreport.org,com.ADDitude.ADDitude,,,,,/Science/Biological Sciences/Neuroscience,,www.additudemag.com,2.9,156943,2,1567856,1473124,,"Health, Wellness & Fitness",https://www.additudemag.com/contact-us,US,2016/12/30,,"The Lindsay Clancy trial should alarm ADHD moms, who are at greater risk for postpartum depression. Modern psychiatry must change to improve care for neurodivergent and postpartum mothers.",1,additudemag.com,https://www.additudemag.com,customerservice@additudemag.com:subscriptions@additudemag.com:digital@additudemag.com,13,5400679,"USD $6,919,810.27",1459642,"USD $83,037,723.24",additudemag,,,https://www.facebook.com/additudemag,https://www.additudemag.com/how-to-stop-procrastinating-adhd-avoidant-thoughts,https://i0.wp.com/www.additudemag.com/wp-content/uploads/2020/02/cropped-additude-favicon-512x512-1.png?w=180&crop=0%2C0px%2C100%2C180px&ssl=1,FAQ Page:Cryptocurrency Messaging:Contact Page:Tracking or Returns:Returns Page:Tracking Page:Financing Page:Has iOS App:Has Android App:Has Blog:Sizing Page:Career Page:Has CMS,https://www.additudemag.com/people-pleasing-behaviors-adhd-boundaries,true,false,additudemag,https://www.instagram.com/additudemag,https://woocommerce.com/products/mailchimp-for-woocommerce/,1,Mailchimp,id582710097,,,en,,,,,,2020/05/29,additude-magazine,https://www.linkedin.com/company/additude-magazine,,,,,ADDitude,"The Lindsay Clancy trial should alarm ADHD moms, who are at greater risk for postpartum depression. Modern psychiatry must change to improve care for neurodivergent and postpartum mothers.","adhd, adhd symptoms, asd, add, adhd test, adhd medication, executive dysfunction, rejection sensitive dysphoria, adhd in women, signs of adhd, autism, anxiety, depression, bipolar disorder, oppositional defiant disorder, OCD, trauma, sleep disorders, eating disorders",,,,,,,,,,https://i0.wp.com/www.additudemag.com/wp-content/uploads/2020/02/cropped-additude-favicon-512x512-1.png?w=512&crop=0%2C0px%2C100%2C512px&ssl=1,+1 888-762-8475,additudemag,96700,,-183,11105,https://www.pinterest.com/additudemag,,WooCommerce,,49,0.00,10.1.0,0,0,0,0,0.00,0,0,0,0,1,4736,0.03,Americas,,https://www.additudemag.com/webinar/return-to-school-preparation-podcast-363,,,,,,,,,,,,,,,,,,Active,,,Northern America,,Adobe Analytics:Adobe Tag Manager:Cloudflare:Cloudflare CDN:Facebook Pixel:Google Ads Pixel:Google Adsense:Google Tag Manager:Google Workspace:Mailchimp:Object Cache Pro Wordpress Plugin:Stripe:Wordpress:reCAPTCHA,14,additude,0,0,,Unknown,Unknown,@additudemag,2343,20,75,https://www.tiktok.com/@additudemag,"ADDitude - ADD & ADHD Symptom Tests, Signs, Treatment, Support",https://www.additudemag.com/webinar/adhd-medication-formulation-delivery-system,2.9,2,additudemag,57900,,,46391,https://twitter.com/ADDitudeMag,,,,,,,,,,,,,
www.lamichoacanameatmarket.com,,lamichoacanameatmarket.com,,,,,,/Food & Drink/Food,,www.lamichoacanameatmarket.com:merch.lamichoacanameatmarket.com,,,,14213715,27152749,,,https://www.lamichoacanameatmarket.com/contacto,US,2016/12/30,,La Michoacana Meat Market™ es una empresa que desde 1986 busca servir a la comunidad hispana. Hoy somos más de 140 tiendas a través de todo Texas.,2,lamichoacanameatmarket.com,https://www.lamichoacanameatmarket.com,info@lmmm.net,150,5408319,"USD $6,929,598.88",1461707,"USD $83,155,186.56",lamichoacanameatmarket.officialpage,,,https://www.facebook.com/lamichoacanameatmarket.officialpage,,https://www.lamichoacanameatmarket.com/wp-content/uploads/2017/01/logo-oficial.png,Tracking Page:Contact Page:Has CMS,,true,false,lamichoacanamm,https://www.instagram.com/lamichoacanamm,,0,,,,,es,,,,,,2020/06/02,la-michoacana-meat-market,https://www.linkedin.com/company/la-michoacana-meat-market,,,,,La Michoacana Meat Market™,La Michoacana Meat Market™ es una empresa que desde 1986 busca servir a la comunidad hispana. Hoy somos más de 140 tiendas a través de todo Texas.,,,,,,,,,,,,+1 713-547-4600,,,,,,,,WooCommerce,,50,0.00,3.2.4,0,0,0,0,0.00,0,0,0,0,249,4755,0.03,Americas,,,,,,,,,,,,,,,,,,,,Active,,,Northern America,,Google Ads Pixel:Google Adsense:Google Analytics:Google Analytics 4:Google Tag Manager:HubSpot:Sucuri:Wordpress:Yoast,9,jupiter,0,0,,Unknown,Unknown,,,,,,La Michoacana Meat Market™,https://cta-na2.hubspot.com/web-interactives/public/v1/track/redirect?encryptedPayload=AVxigLLzuN9l3aQ9hXmCfKeqdiNMstHXayHF4l2XnZoVuKbrmy776OA4MaHx1ICTBHdLb0aHpbLRqfleEIND7Sz6iXcBtQxNdJ0HSfTg7Kb88IqEH7U4gDxPnyI9gaO484pMWLPMvJsApzDTYLHBazlX5WKsNWkTrPe4QYgec3VFYnYjGQ3bAjwh5wnoWseMSKBDaw==&webInteractiveContentId=294229066430&portalId=244183853,,,,,,,,,,,,,,,,,,,,,
www.pauladeen.com,https://www.pauladeen.com/about-paula,pauladeennetwork.com,,,,,,/Food & Drink/Food,Savannah,www.pauladeen.com,,1984800,,11978596,17174573,,"Savannah, GA, USA",https://www.pauladeen.com/contact,US,2016/12/30,,Visit Paula Deen online for the easy dinner recipes she's known for. You'll also find healthy recipes along with her famous Southern comfort food. Shop the home store and get holiday meal ideas for party-perfect entertaining from the Queen of Southern Cooking.,1,pauladeen.com,https://www.pauladeen.com,marketing@pauladeen.com:paula-deen@mailca.custhelp.com,16,5112535,"USD $6,550,615.66",1381766,"USD $78,607,387.92",pauladeen,,,https://www.facebook.com/PaulaDeen,https://www.pauladeen.com/faqs,https://www.pauladeen.com/wp-content/themes/pauladeen/favicons/apple-touch-icon.png,Contact Page:FAQ Page:Store Locator Page:Has CMS,,true,false,pauladeen_official,https://www.instagram.com/pauladeen_official,https://woocommerce.com/products/woocommerce-subscriptions/,1,WooCommerce Subscriptions,,,,en,,,,,,2020/06/02,paula-deen-enterprises-llc,https://www.linkedin.com/company/paula-deen-enterprises-llc,,,,,Paula Deen,Visit Paula Deen online for the easy dinner recipes she's known for. You'll also find healthy recipes along with her famous Southern comfort food. Shop the home store and get holiday meal ideas for party-perfect entertaining from the Queen of Southern Cooking.,,,,,,,,,,,,+1 865-325-1326:+1 912-232-1579:+1 912-644-3600,pauladeen,385800,,,8479,https://www.pinterest.com/pauladeen,,WooCommerce,,51,0.00,11.0.0,0,0,0,0,0.00,0,0,0,0,2088,4767,0.03,Americas,,,,,,,,,,,,,,,,,,,Georgia,Active,https://www.pauladeen.com/stores,,Northern America,,Cloudflare:Cloudflare CDN:Cookiebot:Facebook Pixel:Google Ads Pixel:Google Adsense:Google Analytics:Google Tag Manager:Google Workspace:LiveConnect:Wordpress:Yoast:reCAPTCHA:Mailchimp,14,pauladeen,0,0,,Unknown,Unknown,,,,,,Paula Deen: Recipes for Any Meal or Holiday Table - Southern Food,,,,paula_deen,1000000,,,7544,https://twitter.com/Paula_Deen,,,,,,,pauladeen,https://www.youtube.com/channel/UCr8xA60v_5j7n7TMPd8qmFw,599000,,12889,https://youtube.com/pauladeen,
bouldercounty.gov,https://bouldercounty.gov/government/about-boulder-county/immigrant-resources,boco.org,,,,,,,,bouldercounty.gov,,63390,,1152146,88633,,"Colorado, USA",https://bouldercounty.gov/government/contact-us,US,2022/07/15,,,1,bouldercounty.gov,https://bouldercounty.gov,recruit@bouldercounty.gov:bouldercountycoroner@bouldercounty.gov:finance@bouldercounty.gov:floodplainadmin@bouldercounty.gov:healthinfo@bouldercounty.gov,,5305161,"USD $6,797,424.38",1433827,"USD $81,569,092.56",bouldercounty,,,https://www.facebook.com/BoulderCounty,https://bouldercounty.gov/news/how-to-get-co-119-diagonal-highway-safety-mobility-and-bikeway-project-construction-updates,https://assets.bouldercounty.gov/wp-content/uploads/2018/07/BOCOlogo_152.png,Career Page:Financing Page:Contact Page:Tracking or Returns:Returns Page:FAQ Page:Brand Advocate Page:Headless:Has CMS,https://bouldercounty.gov/families/financial/personal-finance-coaching,true,true,bouldercountygov,https://www.instagram.com/bouldercountygov,,0,,,,,en,,,,,,2025/09/09,boulder-county,https://www.linkedin.com/company/boulder-county,,,,,Boulder County,,,,,,,,,,,,,+1 303-441-1386:+1 303-441-3525:+1 303-413-7728:+1 303-413-7740:+1 303-441-3929,,,,,,,,WooCommerce,,52,0.00,,0,0,0,0,0.00,0,0,0,0,2137,4772,0.03,Americas,,https://bouldercounty.gov/news/junior-senior-fishing-derby-returns-to-boulder-county,,,,,,,,,,,,,USPS,,,,Colorado,Active,,,Northern America,,Cloudfront CDN:Google Ads Pixel:Google Adsense:Google Analytics:Google Analytics 4:Google Tag Manager:Mimecast Email Security:Wordpress:Yoast:YouTube Player,10,unicon,0,0,,Unknown,Unknown,,,,,,Home - Boulder County,,,,bouldercounty,61400,,,4759,https://x.com/bouldercounty,,,,,,,bouldercounty,https://www.youtube.com/channel/UC1cEzvomoz0YDP5q3waixHg,1990,,,https://www.youtube.com/user/BoulderCounty,
www.currencytransfer.com,https://www.currencytransfer.com/about,,com.currencytransfer.android,,,,,/Business & Industrial/Business Services/E-Commerce Services,,www.currencytransfer.com,4.9,1213,1065,30293891,95078401,,London | Tel Aviv,https://www.currencytransfer.com/contact-us,GB,2017/10/27,,Make international money transfers with confidence. Compare FX rates from FCA-regulated providers. No transfer fees. Rated 4.9/5 on Trustpilot.,1,currencytransfer.com,https://www.currencytransfer.com,info@currencytransfer.com:contact@currencytransfer.com,30,6583770,"USD $8,435,686.55",1779397,"USD $101,228,238.60",currencytransfer,,,https://www.facebook.com/currencytransfer,https://www.currencytransfer.com/faq,https://www.currencytransfer.com/wp-content/uploads/2013/12/favicon.ico,Has iOS App:Has Android App:Contact Page:Tracking or Returns:Returns Page:FAQ Page:Financing Page:Has Blog:Headless:Has CMS,https://www.currencytransfer.com/tag/trade-finance,true,true,,,,0,,id1673007659,,,en,,,,,,2025/10/11,5018071,https://www.linkedin.com/company/5018071,,,,,CurrencyTransfer,Make international money transfers with confidence. Compare FX rates from FCA-regulated providers. No transfer fees. Rated 4.9/5 on Trustpilot.,,,,,,,,,,,https://www.currencytransfer.com/wp-content/uploads/2026/06/ct-home-featured-img.png,+44 20 7096 1036,,,,,,,,WooCommerce,,53,0.00,,0,0,0,0,0.00,0,0,0,0,1221,4778,0.03,Europe,,https://www.currencytransfer.com/business-foreign-exchange/import-and-export,,,,,,,,,,,,,,,,,,Active,,,Northern Europe,,ActiveCampaign:Cloudflare:Cloudflare CDN:Google Ads Pixel:Google Adsense:Google Analytics:Google Analytics 4:Google Tag Manager:Google Workspace:Trustpilot:TryNow:Visual Website Optimizer:Wistia:Wordpress:Yoast:Zendesk,16,dante,0,0,,Unknown,Unknown,,,,,,International Money Transfers | No Fees | CurrencyTransfer,,4.9,1065,currencytransfr,1213,,,5621,https://www.twitter.com/currencytransfr,,,,,,,currencytransfer,https://www.youtube.com/channel/UC7I3sZxWPP2w7dvnnCsVNCg,,,,https://www.youtube.com/c/CurrencyTransfer,
sojospaclub.com,https://sojospaclub.com/about,shop.sojospaclub.com:sojospaclub.net,,,,,,/Beauty & Fitness/Spas & Beauty Services,Edgewater,sojospaclub.com,,1241,,2367630,2141333,,"Edgewater, NJ 07020, USA",https://sojospaclub.com/contact,US,2018/03/09,USD,SoJo Spa Club offers an unparalleled wellness experience — bringing spa cultures and treatments from around the world under one roof.,1,sojospaclub.com,https://sojospaclub.com,,100,5174823,"USD $6,630,423.94",1398600,"USD $79,565,087.28",sojospaclub,,,https://www.facebook.com/sojospaclub,https://sojospaclub.com/about/faq/,https://cdn-ilenmbn.nitrocdn.com/OYYKXFrllUddvEUjojYeDChQiUslmsxA/assets/images/optimized/rev-e385807/sojospaclub.com/wp-content/themes/sojospaclub/apple-touch-icon.png,FAQ Page:Corporate Gift Messaging:Gift Messaging:Contact Page:Career Page:Has CMS,,true,false,sojospaclub,https://www.instagram.com/sojospaclub,,0,,,,,en,,,,,,2023/03/30,sojospaclub,https://www.linkedin.com/company/sojospaclub,,,,,SoJo Spa Club,SoJo Spa Club offers an unparalleled wellness experience — bringing spa cultures and treatments from around the world under one roof.,,,,,,,,,,,https://sojospaclub.com/wp-content/uploads/2022/12/Copy-of-Aerial-View-of-Infinity-Pool-scaled-e1677598201515.jpg,+1 201-313-7200:+1 833-765-6772,sojospaclub,81,,6,,https://www.pinterest.com/sojospaclub,,WooCommerce,,54,0.00,10.8.1,0,0,0,0,0.00,0,0,0,0,12,4783,0.03,Americas,,,,,,,,,,,,,,,,,,,New Jersey,Active,,,Northern America,,Cloudflare:Cloudflare CDN:Facebook Pixel:Google Ads Pixel:Google Adsense:Google Tag Manager:Google Workspace:NitroPack:Salesforce:Salesforce Marketing Cloud:WP Engine:Wordpress:Yoast:YouTube Player:reCAPTCHA,15,sojospaclub,0,0,,Unknown,Unknown,,,,,,SoJo Spa Club,,,,,,,,,,,,,,,,sojospaclub,https://www.youtube.com/channel/UCRvLgD8p6b8jaEs6iiPqcfg,1160,,32,https://www.youtube.com/@sojospaclub,07020
www.okeeffemuseum.org,https://www.okeeffemuseum.org/about-georgia-okeeffe,live-okeeffe-museum.pantheonsite.io:gokm.org,,,,,,/Libraries & Museums:/Arts & Entertainment/Visual Art & Design/Art Museums & Galleries,Santa Fe,www.okeeffemuseum.org:prints.okeeffemuseum.org,,4340,,3981033,3448855,,"Santa Fe, NM, USA",https://www.okeeffemuseum.org/contact-us,US,2016/12/30,,The Georgia O'Keeffe Museum in Santa Fe New Mexico.,2,okeeffemuseum.org,https://www.okeeffemuseum.org,contact@gokm.org:communications@gokm.org:images@gokm.org:images@okeeffemuseum.org:jobs@gokm.org,79,5156143,"USD $6,606,489.94",1393552,"USD $79,277,879.28",georgiaokeeffemuseum,,,https://www.facebook.com/georgiaokeeffemuseum,,https://www.okeeffemuseum.org/wp-content/uploads/fbrfg/apple-touch-icon.png,Contact Page:Tracking or Returns:Returns Page:Has Blog:Career Page:Has CMS,,true,false,okeeffemuseum,https://www.instagram.com/okeeffemuseum,https://woocommerce.com/products/name-your-price/,1,Name Your Price,,,,en,,,,,okeeffe-2017-theme,2022/06/20,georgia-o'keeffe-museum,https://www.linkedin.com/company/georgia-o%27keeffe-museum,,,,,The Georgia O'Keeffe Museum,The Georgia O'Keeffe Museum in Santa Fe New Mexico.,,,,,,,,,,,,+1 505-946-1000:+1 505-496-1000,,,,,,,,WooCommerce,,55,0.00,10.0.4,0,0,0,0,0.00,0,0,0,0,665,4791,0.03,Americas,,https://www.okeeffemuseum.org/growing-season-interns-return-to-abiquiu-garden,,,,,,,,,,,,,,,,,New Mexico,Active,,,Northern America,,Facebook Pixel:Google Ads Pixel:Google Adsense:Google Analytics:Google Tag Manager:Microsoft 365:New Relic:Wordpress:Yoast:YouTube Player:reCAPTCHA,11,okeeffe-museum,0,0,,Unknown,Unknown,,,,,,The Georgia O'Keeffe Museum,,,,,,,,,,,,,,,,okeeffemuseumorg,https://www.youtube.com/channel/UCkF8IzgoQpfbfFf8gSbPBIA,4340,,120,https://www.youtube.com/@OkeeffemuseumOrg,
www.sonomacounty.com,https://www.sonomacounty.com/about/sonoma-county-in-the-news,visitsonomacounty.com,com.visitwidget.sonomacounty,,,,,/Travel,Healdsburg,www.sonomacounty.com:travel.sonomacounty.com,,4606,,15911699,16366676,,"101 Grant Ave, Healdsburg, CA 95448 US",https://www.sonomacounty.com/contact-us,US,2016/12/30,,"Life Opens Up in Sonoma County, just 40 miles north of San Francisco. Acclaimed food and wine, relaxing spas and stunning beauty create a Wine Country experience like no other.",2,sonomacounty.com,https://www.sonomacounty.com,events@sonomacounty.com:info@sonomacounty.com:marketing@sonomacounty.com:publicrelations@sonomacounty.com:sales@sonomacounty.com,,5139318,"USD $6,584,932.37",1389004,"USD $79,019,188.44",sonomacountyca,,,https://www.facebook.com/sonomacountyca,https://www.sonomacounty.com/wine/how-to-ship-wine-home-sonoma-county,https://www.sonomacounty.com/wp-content/uploads/2023/08/cropped-favicon-180x180.png,Has iOS App:Has Android App:Contact Page:Tracking or Returns:Returns Page:Signature Required:Tracking Page:International Shipping:FAQ Page:Has CMS,,true,false,sonomacounty,https://www.instagram.com/sonomacounty,,0,,id1608623515,,,en,,,,,,2024/04/29,sonoma-county-tourism,https://www.linkedin.com/company/sonoma-county-tourism,,,,,Sonoma County Tourism,"Life Opens Up in Sonoma County, just 40 miles north of San Francisco. Acclaimed food and wine, relaxing spas and stunning beauty create a Wine Country experience like no other.",,,,,,,,,,,https://www.sonomacounty.com/wp-content/uploads/2025/12/Sonoma_County_Life_Opens_Up_IP_Shoot_2025.jpg,+1 415-999-5635:+1 707-473-0644,,,,,,,,WooCommerce,,56,0.00,,0,0,0,0,0.00,0,0,0,0,2512,4803,0.03,Americas,,https://www.sonomacounty.com/events/a-tavola-returns-to-rustic,,,,,,,,,,,,,UPS,,,,California,Active,,101 Grant Ave,Northern America,,Cloudflare:Cloudflare CDN:Facebook Pixel:Google Ads Pixel:Google Adsense:Google Tag Manager:LinkedIn Insight Tag:Microsoft 365:Microsoft Clarity:Osano:Vimeo:WP Engine:Wordpress:YouTube Player,14,bb-theme-child,0,0,,Unknown,Unknown,@sonomacounty,3556,197,429,https://www.tiktok.com/@sonomacounty,Sonoma County Tourism,https://www.sonomacounty.com/wine/wine-shipping/crown-wine-shipping,,,,,,,,,,,,,,,sonomawinecountry,https://www.youtube.com/channel/UCdvc_n9qjGDdsXtZGOMp2HQ,1050,,25,https://www.youtube.com/@sonomawinecountry,95448
mitsuwa.com,https://mitsuwa.com/about-us,shop.mitsuwa.com,,,,,,/Food & Drink/Food,Irvine,mitsuwa.com:mitsuwa.com.pe:mitsuwa.vn,,,,3041463,902331,,"Irvine, CA, USA",,US,2016/12/30,,"Mitsuwa has a wide variety of Japanese grocery products that are fresh, safe and reliable. Enjoy sushi, sashimi and bento. The food court features authentic ...",3,mitsuwa.com,https://mitsuwa.com,,85,5062701,"USD $6,486,763.39",1368297,"USD $77,841,160.68",mitsuwamarketplace,,,https://www.facebook.com/MitsuwaMarketplace,,https://mitsuwa.com/wp-content/uploads/2021/02/cropped-logo-regular-180x180.jpg,Tracking or Returns:Returns Page:Has CMS,,true,false,mitsuwa_marketplace,https://www.instagram.com/mitsuwa_marketplace,,0,,,,,en,,,,,divi-child-new,2025/04/02,mitsuwa-marketplace,https://www.linkedin.com/company/mitsuwa-marketplace,,,,,Mitsuwa Marketplace,"Mitsuwa has a wide variety of Japanese grocery products that are fresh, safe and reliable. Enjoy sushi, sashimi and bento. The food court features authentic ...",,,,,,,,,,,,+1 714-277-3072:+1 818-626-9373:+1 626-457-2899,,,,,,,,WooCommerce,,57,0.00,10.2.2,0,0,0,0,0.00,0,0,0,0,680,4817,0.03,Americas,,https://mitsuwa.com/return-policy-ca_il_nj_tx,,,,,,,,,,,,,,,,,California,Active,,,Northern America,,Cookie Law Info:CookieYes:Google Workspace:Sucuri:Wordpress:accessiBe,6,divi,0,0,,Unknown,Unknown,,,,,,Mitsuwa Marketplace | A Japanese Grocery Store | Open 365 days a year! – Japanese Grocery Store,,,,,,,,,,,,,,,,,,,,,,
cincinnatizoo.org,https://cincinnatizoo.org/about-us,cincinnatizoo.wpengine.com,,,,,,"/Attractions/Zoos, Aquariums & Preserves",Cincinnati,cincinnatizoo.org:tickets.cincinnatizoo.org,,2976500,,79353,136090,,"Cincinnati, OH, USA",,US,2016/12/30,,"Learn more about the Cincinnati Zoo, internationally known for its success in the protection and propagation of endangered animals and plants.",2,cincinnatizoo.org,https://cincinnatizoo.org,membership@cincinnatizoo.org,,4972438,"USD $6,371,110.70",1343902,"USD $76,453,328.40",cincinnatizoo,1858928744432966,https://www.facebook.com/groups/1858928744432966,https://www.facebook.com/cincinnatizoo,,https://cdn-ilennfb.nitrocdn.com/jjHGdqQhJauqRvzZobvhRGdxXuahaXuu/assets/images/optimized/rev-dfc49ea/cincinnatizoo.org/wp-content/uploads/2025/01/cropped-CZBG-full-whitetrim_expanded_Shadow_R-cropped-180x180.png,Headless:Has CMS,,true,true,cincinnatizoo,https://www.instagram.com/cincinnatizoo,,0,,,,,en,,,Custom Cart,2026/06/29,,2026/06/29,cincinnati-zoo-,https://www.linkedin.com/company/cincinnati-zoo-,,,,,Cincinnati Zoo,"Learn more about the Cincinnati Zoo, internationally known for its success in the protection and propagation of endangered animals and plants.",,,,,,,,,,,https://cincinnatizoo.org/wp-content/uploads/2026/07/summer-bg-placeholder.webp,+1 513-281-4700:+1 513-475-6112:+1 513-487-3414:+1 513-559-7713,,,,,,,,WooCommerce,,58,0.00,,0,0,0,0,0.00,0,0,0,0,1468,4819,0.03,Americas,,,,,,,,,,,,,,,,,,,Ohio,Active,,,Northern America,,Barracuda Email Protection:Cloudflare:Facebook Pixel:Google Ads Pixel:Google Adsense:Google Tag Manager:Microsoft Clarity:NitroPack:Tidio:Vimeo:WP Engine:Wordpress:Yoast,13,source,0,1,,Unknown,Unknown,@cincinnatizoo,1800000,,,https://www.tiktok.com/@cincinnatizoo,Cincinnati Zoo | Accredited Member of the AZA,,,,cincinnatizoo,357500,,257,20934,https://twitter.com/CincinnatiZoo,,,,,,,uce3voxyymyqcreoxk2ogsvg,https://www.youtube.com/channel/UCE3VoxyYmyQCReOXk2ogsVg,819000,,2400,https://www.youtube.com/channel/UCE3VoxyYmyQCReOXk2ogsVg,
www.crockettdoodles.com,,crockettdoodles.com,,,,,,/Pets & Animals/Dogs,Greenville,www.crockettdoodles.com,3.7,13700,1,51390559,5850132,,"Greenville, SC, USA",https://www.crockettdoodles.com/contact,US,2018/06/15,,"Crockett Doodles offers family-raised Goldendoodles, Bernedoodles, Cavapoos, Maltipoos & more breeds. Find Doodle puppies for sale with a health guarantee.",1,crockettdoodles.com,https://www.crockettdoodles.com,team@crockettdoodles.com,18,5040002,"USD $6,457,680.47",1362162,"USD $77,492,165.64",crockettdoodles,,,https://www.facebook.com/CrockettDoodles,https://www.crockettdoodles.com/how-to-choose-a-bernedoodle-puppy-a-comprehensive-guide,https://aicdn.speedsize.com/e31cc203-ff82-495a-8203-ec6994dd791f/www.crockettdoodles.com/wp-content/uploads/2022/09/cd-favicon-180.png,FAQ Page:Contact Page:Tracking or Returns:Tracking Page:Financing Page:Sizing Page:Has CMS,https://www.crockettdoodles.com/financing,true,false,crockettdoodles,https://www.instagram.com/crockettdoodles,https://woocommerce.com/products/authorize-net/,1,"Authorize.net, a Visa solution",,,,en,,,,,,2022/09/02,crockett-doodles,https://www.linkedin.com/company/crockett-doodles,,,,,Crockett Doodles,"Crockett Doodles offers family-raised Goldendoodles, Bernedoodles, Cavapoos, Maltipoos & more breeds. Find Doodle puppies for sale with a health guarantee.",,,,,,,,,,,https://aicdn.speedsize.com/e31cc203-ff82-495a-8203-ec6994dd791f/www.crockettdoodles.com/wp-content/uploads/2023/09/doodle-puppies-for-sale.jpg,+1 864-696-2980,crockettdoodles,13700,,,5591,https://www.pinterest.com/crockettdoodles,,WooCommerce,,59,0.00,9.0.2,0,0,0,0,0.00,0,0,0,0,1193,4833,0.03,Americas,,,,,,,,,,,,,,,,,,,South Carolina,Active,,,Northern America,,Authorize.net:Cloudflare:Cloudflare CDN:Facebook Pixel:Google Ads Pixel:Google Adsense:Google Analytics:Google Analytics 4:Google Tag Manager:Google Workspace:Microsoft Clarity:Splitit:Steelhouse:Taboola:The Trade Desk:Twitter Pixel:WP Rocket:Wordpress:YouTube Player:reCAPTCHA,20,yootheme,0,0,,Unknown,Unknown,,,,,,Crockett Doodles — Family-Raised Doodle Puppies for Sale,https://www.crockettdoodles.com/delivery-pickup,3.7,1,crockettdoodles,,,,,https://twitter.com/CrockettDoodles,,,,,,,crockettdoodles,https://www.youtube.com/channel/UCd6siaSu1o1XG1nXKBIIYHg,,,,https://www.youtube.com/@CrockettDoodles,
blockclubchicago.org,https://blockclubchicago.org/about-us,www.blockclubchi.com,com.blockclubchicago.digestapp,,,,,,Chicago,blockclubchicago.org,,413600,,14645,54452,,"Chicago, IL, USA",https://blockclubchicago.org/contact-us,US,2018/01/12,USD,"Block Club Chicago is a nonprofit news organization dedicated to delivering reliable, nonpartisan and essential coverage of Chicago’s diverse neighborhoods.",1,blockclubchicago.org,https://blockclubchicago.org,support@blockclubchi.org,,4956297,"USD $6,350,430.14",1339539,"USD $76,205,161.68",blockclubchi,,,https://www.facebook.com/blockclubchi,https://blockclubchicago.org/faq,https://i0.wp.com/bcc-newspack.s3.amazonaws.com/uploads/2023/07/cropped-BlockClubChicago_Logomark_Black-resized-1.png?fit=180%2C180&ssl=1,Has iOS App:Has Android App:Contact Page:Tracking or Returns:Returns Page:Tracking Page:FAQ Page:Financing Page:Wholesale/Retailers Page:Brand Advocate Page:Has CMS,https://blockclubchicago.org/2026/08/10/obama-presidential-center-releasing-more-tickets-this-week,true,false,blockclubchi,https://www.instagram.com/blockclubchi,https://woocommerce.com/products/woocommerce-memberships/:https://woocommerce.com/products/woocommerce-subscriptions/,2,WooCommerce Memberships:WooCommerce Subscriptions,id6642643144,,,en,,,,,,2024/07/16,,,,,,,Block Club Chicago,"Block Club Chicago is a nonprofit news organization dedicated to delivering reliable, nonpartisan and essential coverage of Chicago’s diverse neighborhoods.",,,,,,,,,,,https://bcc-newspack.s3.amazonaws.com/uploads/2022/07/LARGER2-BlockClubChicago_SecondaryLogo_Shortened_Black.png,+1 312-860-0020,,,,,,,,WooCommerce,,60,0.00,,0,0,0,0,0.00,0,0,0,0,25892,4844,0.03,Americas,https://blockclubchicago.org/2026/09/08/adorned-by-m-cps-teachers-pop-up-vintage-boutique-opens-in-beverly,https://blockclubchicago.org/2026/05/07/95th-street-farmers-market-returns-to-beverly-with-30-vendors-musicians,,,,,,,,,,,,,,,,,Illinois,Active,,,Northern America,,ActiveCampaign:Facebook Pixel:Google Ads Pixel:Google Adsense:Google Analytics:Google Analytics 4:Google Tag Manager:Google Workspace:Metorik:PayPal Checkout:Wordpress:Yoast:reCAPTCHA,13,newspack-theme,0,0,,Unknown,Unknown,@blockclubchi,177500,1040,1427,https://www.tiktok.com/@blockclubchi,Block Club Chicago,https://blockclubchicago.org/2026/09/09/bridgeport-records-team-brings-house-tracks-and-more-to-onion-city-records-in-west-town,,,blockclubchi,236100,,514,106080,https://x.com/BlockClubCHI,,,,,,,,,,,,,
handluggageonly.co.uk,https://handluggageonly.co.uk/about,,,,,,,/Travel,,handluggageonly.co.uk,,1200000,,1047448,155568,,,https://handluggageonly.co.uk/contact,GB,2016/12/30,,"Travel, Food and Home Inspiration with door-to-door Travel Planner! | Travel Advice, Travel Inspiration, Home Inspiration, Food Inspiration, Recipes,",1,handluggageonly.co.uk,https://handluggageonly.co.uk,info@handluggageonly.co.uk,,5112513,"USD $6,550,587.37",1381760,"USD $78,607,048.44",handluggageonly,,,https://www.facebook.com/HandLuggageOnly,https://handluggageonly.co.uk/how-to-have-more-birthdays-than-the-queen,https://i0.wp.com/handluggageonly.co.uk/wp-content/uploads/2015/06/Favicon.png?fit=46%2C42&ssl=1,Contact Page:Tracking or Returns:Returns Page:Tracking Page:FAQ Page:Headless:Has CMS,,true,true,handluggageonly,https://www.instagram.com/HandLuggageOnly,,0,,,,,en,,,,,,2026/03/12,,,,,,,Hand Luggage Only,"Travel, Food and Home Inspiration with door-to-door Travel Planner! | Travel Advice, Travel Inspiration, Home Inspiration, Food Inspiration, Recipes,",,,,,,,,,,,,,,,,,,,,WooCommerce,,61,0.00,,0,0,0,0,0.00,0,0,0,0,327,4873,0.03,Europe,,https://handluggageonly.co.uk/return-sri-lanka,,,,,,,,,,,,,,,,,,Active,,,Northern Europe,,Fastly CDN:Google Ads Pixel:Google Adsense:Google Analytics:Google Analytics 4:Google Tag Manager:Google Workspace:MonsterInsights:Wordpress:Yoast,10,applique,0,0,,Unknown,Unknown,@handluggageonly,1200000,,,https://www.tiktok.com/@handluggageonly,"Hand Luggage Only | Travel, Food and Home blog + Travel Planner!",https://handluggageonly.co.uk/nordic-expedition-finale-search-vikings-oslo-norway,,,,,,,,,,,,,,,,,,,,,
www.tintworld.com,https://www.tintworld.com/about-us,autovendnetwork.com,,,,,https://www.tintworld.com/store/all-brands,/Autos & Vehicles/Parts & Services,Boca Raton,www.tintworld.com,3.1,6712,829,17650522,31576225,,"Boca Raton, FL, USA",https://www.tintworld.com/contact-us,US,2017/10/27,,"Tint World is America’s fastest growing automotive styling company, including window tinting, audio and video entertainment, and auto accessories.",1,tintworld.com,https://www.tintworld.com,CustomerService@tintworld.com:support@tintworld.com,207,4989969,"USD $6,393,573.58",1348640,"USD $76,722,882.96",tintworld,,,https://www.facebook.com/tintworld,https://www.tintworld.com/franchise-opportunities/faqs,https://tint-world.s3.amazonaws.com/uploads/favicon.ico,Brands Page:Cryptocurrency Messaging:Contact Page:Tracking or Returns:Returns Page:Tracking Page:FAQ Page:Financing Page:Wholesale/Retailers Page:Has Blog:Headless:Has CMS,https://www.tintworld.com/resources/lease-return-inspections,true,true,tintworld,https://instagram.com/TintWorld,,0,,,,,en,,,,,,2020/05/28,tint-world,https://www.linkedin.com/company/tint-world,,,,,Tint World,"Tint World is America’s fastest growing automotive styling company, including window tinting, audio and video entertainment, and auto accessories.",,,,,,,,,,,https://res.cloudinary.com/tint-world/image/upload/tw-uploads/uploads/Hot-Accessories-Blog-2.png,+1 800-767-8468:+1 888-944-8468:+1 888-629-8777:+1 205-578-1338,tintworld,1100,,,1320,https://www.pinterest.com/TintWorld,,WooCommerce,,62,0.00,7.0.1,0,0,0,0,0.00,0,0,0,0,7324,4882,0.03,Americas,https://www.tintworld.com/locations/al/birmingham-169/fleet-detailing-and-car-dealer-programs,https://www.tintworld.com/easy-returns,,,,,,,,,,,,,Fedex:UPS:USPS,,,,Florida,Active,,,Northern America,,Cloudinary:Facebook Pixel:Google Ads Pixel:Google Adsense:Google Tag Manager:Klaviyo:LinkedIn Insight Tag:Microsoft 365:Microsoft Clarity:New Relic:TrustArc:WP Rocket:Wordpress:Yoast:YouTube Player:accessiBe:reCAPTCHA,17,tintworld,0,0,,Unknown,Unknown,,,,,,Tint World | Automotive Services & Window Tinting Centers,https://www.tintworld.com/store/shipping,3.1,829,tintworld,2402,,,10386,https://x.com/tintworld,,,,,,,tintworldautomotivestylingcenters,https://www.youtube.com/channel/UCslKfE9zIRUImyxIj1koEKQ,3210,,,https://www.youtube.com/c/tintworldautomotivestylingcenters,
victra.com,https://victra.com/about-us,www.vzawireless.com,,,,,,/Consumer Electronics/Mobile & Wireless:/Consumer Electronics/Mobile & Wireless/Mobile Phones:/Consumer Electronics,,victra.com:accessories.victra.com:total.victra.com,2.4,10108,10,3062877,705677,,8510 Colonnade Center Dr Unit 300 Raleigh NC US,https://victra.com/contact,US,2016/12/30,,"At Victra, we strive to treat you as our guest at any of our 1,500 locations. Visit us today and see why we're the largest authorized retailer of Verizon Wireless.",3,victra.com,https://victra.com,wecare@victra.com,,4739361,"USD $6,072,473.29",1280908,"USD $72,869,679.48",victrastore,,,https://www.facebook.com/VictraStore,,,Career Page:Free Returns:Contact Page:Tracking or Returns:Returns Page:Has Blog:Headless:Has CMS,,true,true,victrastore,https://www.instagram.com/victrastore,,0,,,,,en,,,,,hello-elementor,2026/05/19,victra,https://www.linkedin.com/company/victra,,,,,Victra,"At Victra, we strive to treat you as our guest at any of our 1,500 locations. Visit us today and see why we're the largest authorized retailer of Verizon Wireless.",,,,,,,,,,,https://victra.com/wp-content/uploads/2023/02/Victra-Verizon-Samsung-Deals-trifecta.jpg,+1 855-492-2986:+1 919-948-7500:+1 800-250-4901:+1 855-205-9473:+1 855-451-3314,,,,,,,,WooCommerce,,63,0.00,10.6.1,0,0,0,0,0.00,0,0,0,0,751,4955,0.03,Americas,,https://victra.com/verizon-trade-in,,,,,,,,,,,,,,,,,,Active,,,Northern America,,Amplitude:Facebook Pixel:Google Ads Pixel:Google Adsense:Google Analytics:Google Analytics 4:Google Tag Manager:HubSpot:Microsoft 365:NitroPack:Snap Pixel:Wordpress:Yoast,13,hello-elementor-child,0,0,,Unknown,Unknown,@victrastore,9363,105,576,https://www.tiktok.com/@victrastore,"Victra: The Largest Verizon Authorized Retailer with 1,500+ Locations",,2.4,10,victrastore,745,,,1338,https://x.com/VictraStore,,,,,,,,,,,,,
www.jovani.com,https://www.jovani.com/about-the-brand,splattlyen.com,,,,,,/Apparel/Women's Clothing:/Apparel/Formal Wear,New York,www.jovani.com:jovani.qa,4.2,99500,54,22913950,27436008,,"New York, NY, USA",https://www.jovani.com/contact-jovani,US,2017/07/28,USD,"Founded in 1983, Jovani is a New York designer fashion house with over 40 years of craftsmanship. Find authorized Jovani retailers near you.",2,jovani.com,https://www.jovani.com,sales@jovani.com,75,4516839,"USD $5,787,358.86",1220767,"USD $69,448,306.32",jovanifashions,,,https://www.facebook.com/jovanifashions,https://www.jovani.com/frequently-asked-questions/,https://www.jovani.com/wp-content/uploads/cropped-favicon-300x300.png,FAQ Page:Contact Page:Wholesale/Retailers Page:Store Locator Page:Has Blog:Has CMS,,true,false,jovanifashions,https://www.instagram.com/jovanifashions,,0,,,,,en,,,OpenCart,2024/08/02,woodmart,2026/07/28,jovani-fashions,https://www.linkedin.com/company/jovani-fashions,,,,,Jovani,"Founded in 1983, Jovani is a New York designer fashion house with over 40 years of craftsmanship. Find authorized Jovani retailers near you.",,,,,,,,,,,https://www.jovani.com/wp-content/uploads/38270-gold-2-scaled.jpg,+1 800-656-8264:+1 212-279-0216:+1 212-279-0222:+1 212-279-0133,jovanifashions,99500,,,13064,https://www.pinterest.com/jovanifashions,,WooCommerce,,64,0.00,10.7.0,0,0,0,0,0.00,0,0,0,0,2088,4980,0.03,Americas,https://www.jovani.com/become-a-jovani-retailer,,,,,,,,,,,,,,,,,,New York,Active,https://www.jovani.com/find-a-store,,Northern America,,Barracuda Email Protection:Cloudflare:Cloudflare CDN:Cookie Law Info:CookieYes:Facebook Pixel:Google Ads Pixel:Google Adsense:Google Tag Manager:Microsoft Clarity:Setmore:WP Rocket:Wordpress:Yoast,14,ollie,0,1,,Unknown,Unknown,,,,,,Jovani | Fashion Designer Official Site,,4.2,54,,,,,,,,,,,,,ucnufpl3huy_pe8afzeiuhoa,https://www.youtube.com/channel/UCNufPl3hUy_pe8afZeiuhoA,,,,https://www.youtube.com/channel/UCNufPl3hUy_pe8afZeiuhoA,
ar15discounts.com,https://ar15discounts.com/pages/about-us,,,,,,https://ar15discounts.com/brands,/Autos & Vehicles/Parts & Services,,ar15discounts.com,4.4,13200,539,8987496,2854621,,,https://ar15discounts.com/contact-us,US,2018/06/22,USD,"AR15Discounts - AR-15 Parts from top brands at wholesale prices. Find the best deals on AR Parts, Kits & Accessories. Known for fast shipping, great service",1,ar15discounts.com,https://ar15discounts.com,,,4645565,"USD $5,952,294.08",1255558,"USD $71,427,528.96",ar15discounts,,,https://facebook.com/ar15discounts,https://ar15discounts.com/how-to-build-a-300-blackout-ar-15-barrel-length-gas-system-uppers-parts-guide,https://ar15discounts.com/wp-content/uploads/2018/09/cropped-favicon-large-180x180.png,Brands Page:Brand Advocate Page:Free Returns:Cryptocurrency Messaging:Contact Page:Tracking or Returns:Returns Page:Signature Required:Tracking Page:FAQ Page:Wholesale/Retailers Page:Has Blog:Career Page:Has CMS,,true,false,ar15discounts,https://instagram.com/ar15discounts,https://woocommerce.com/products/authorize-net/:https://woocommerce.com/products/composite-products/:https://woocommerce.com/products/smart-coupons/:https://woocommerce.com/products/woocommerce-waitlist/,4,"Authorize.net, a Visa solution:Composite Products:Smart Coupons:Waitlist",,,,en,,,,,Empire 2.0 - Production,2020/05/28,,,,,,,15 Parts,"AR15Discounts - AR-15 Parts from top brands at wholesale prices. Find the best deals on AR Parts, Kits & Accessories. Known for fast shipping, great service",,,,,,,,,,,https://cdn.convertcart.com/uploads/6fa8d116.png,,,,,,,,,WooCommerce,,65,0.00,10.6.2,0,0,0,0,0.00,0,0,0,0,8565,4985,0.03,Americas,https://ar15discounts.com/wholesale-dealers,https://ar15discounts.com/pages/refund-return-policy,,,,,,,,,,,,,USPS:Fedex,,,,,Active,,,Northern America,,Authorize.net:AvantLink:Cloudflare:Cloudflare CDN:Listrak:Microsoft 365:New Relic:NoFraud:Searchanise:Stamped:ThoughtMetric:Wordpress:Yoast:reCAPTCHA:Mailchimp,15,flatsome,0,0,,Unknown,Unknown,,,,,,AR-15 Parts | AR Parts Kits & Accessories at Wholesale Prices,https://ar15discounts.com/ar15discounts-com-review-pricing-shipping-support-and-value-in-2026,4.4,539,ar15discounts,13200,,,111,https://x.com/ar15discounts,,,,,,,,,,,,,
www.thetreecenter.com,https://www.thetreecenter.com/about,cdn.thetreecenter.com,,,,,,/Home & Garden/Gardening & Landscaping,Davidsonville,www.thetreecenter.com,4.0,22634,867,12425110,23430925,,"Davidsonville, MD 21035, USA",,US,2017/10/27,,"From our farm to your front door.  Shop our huge inventory of trees, shrubs & plants for sale.  Free shipping on qualified orders.  Call us today 1-888-329-0140",1,thetreecenter.com,https://www.thetreecenter.com,,13,4507124,"USD $5,774,910.92",1218141,"USD $69,298,931.04",thetreecenter,,,https://www.facebook.com/thetreecenter,https://www.thetreecenter.com/how-to-transplant-established-evergreen-trees,https://www.thetreecenter.com/c/uploads/cropped-favicon-180x180.png,FAQ Page:Has Blog:Headless,,false,true,thetreecenter,https://www.instagram.com/thetreecenter,,0,,,,,en,,,,,ttc,2024/11/07,the-tree-center,https://www.linkedin.com/company/the-tree-center,,,,,The Tree Center™,"From our farm to your front door.  Shop our huge inventory of trees, shrubs & plants for sale.  Free shipping on qualified orders.  Call us today 1-888-329-0140",,,,,,,,,,,https://origin.thetreecenter.com/c/uploads/ttc-full-logo-blac_trans-900w.png,+1 888-329-0140,thetreecenter,22400,,,24356,https://www.pinterest.com/thetreecenter,,WooCommerce,,66,0.00,10.8.1,0,0,0,0,0.00,0,0,0,0,1433,4992,0.03,Americas,,,,,,,,,,,,,,,Fedex,,,,Maryland,Active,,,Northern America,,Affirm:Bing Ads:Facebook Pixel:Google Ads Pixel:Google Adsense:Google Tag Manager:Google Workspace:Klaviyo:OpenAI Tracking Pixel:Pinterest Pixel:Steelhouse:WP Rocket:Zendesk,13,Unknown,0,0,,Unknown,Unknown,,,,,,Buy Trees Online With Free Shipping | The Tree Center™,,4.0,867,thetreecenter,234,,,23,https://x.com/thetreecenter,,,,,,,,,,,,,21035
www.bonehealthandosteoporosis.org,https://www.bonehealthandosteoporosis.org/about-us,secure.bonehealthandosteoporosis.org,,,,,,/Health,Washington,www.bonehealthandosteoporosis.org:store.bonehealthandosteoporosis.org,,7966,,19735338,11259123,,"Washington, DC, USA",,US,2021/11/12,,"En cachéEn cachéTraducir esta página251 18th Street S, Suite 630, Arlington, VA, 22202 · 1(800) 231-4222 · info@bonehealthandosteoporosis.org. © Copyright BHOF 2022. EIN: 36-3350532.",2,bonehealthandosteoporosis.org,https://www.bonehealthandosteoporosis.org,info@bonehealthandosteoporosis.org,27,4811342,"USD $6,164,701.21",1300362,"USD $73,976,414.52",bonehealthandosteoporosisfoundation,,,https://www.facebook.com/bonehealthandosteoporosisfoundation,https://www.bonehealthandosteoporosis.org/patients/patient-support/faq,https://www.bonehealthandosteoporosis.org/wp-content/uploads/cropped-output-onlinepngtools-180x180.png,Career Page:FAQ Page:Has CMS,,true,false,bonehealthandosteoporosis,https://www.instagram.com/bonehealthandosteoporosis,,0,,,,,en,,,,,,2021/11/09,51465466,https://www.linkedin.com/company/51465466,,,,,www.bonehealthandosteoporosis.org,"En cachéEn cachéTraducir esta página251 18th Street S, Suite 630, Arlington, VA, 22202 · 1(800) 231-4222 · info@bonehealthandosteoporosis.org. © Copyright BHOF 2022. EIN: 36-3350532.",,,,,,,,,,,https://www.bonehealthandosteoporosis.org/wp-content/uploads/shutterstock_401695135.jpg,+1 800-231-4222,,,,,,,,WooCommerce,,67,0.00,6.7.0,0,0,0,0,0.00,0,0,0,0,607,4996,0.03,Americas,,,,,,,,,,,,,,,USPS,,,,District of Columbia,Active,,,Northern America,,Cloudflare:Facebook Pixel:Google Ads Pixel:Google Adsense:Google Analytics:Google Analytics 4:Google Tag Manager:Microsoft 365:Vimeo:WP Engine:Wordpress:Yoast,12,nof,0,0,,Unknown,Unknown,,,,,,Home - Bone Health & Osteoporosis Foundation,,,,bonehealthbhof,7966,,,3655,https://twitter.com/Bonehealthbhof,,,,,,,,,,,,,
pickdawgz.com,https://pickdawgz.com/about-us,sportspickplace.com,,,,,,/Sports,,pickdawgz.com,,771700,,8772017,16418762,,,https://pickdawgz.com/contact-us,,2019/09/27,,Get Free Picks from the Best Sports Handicappers as well as Guaranteed Premium Sports Picks EVERY SINGLE DAY! PickDawgz is your Best Bet!,1,pickdawgz.com,https://pickdawgz.com,Help@PickDawgz.com,1,4455898,"USD $5,709,276.32",1204296,"USD $68,511,315.84",,,,,,https://pickdawgz.com/content/themes/pick-dawgz/assets/images/app-icons/pickdawgz-app-icon-180.png,Contact Page,,false,false,pickdawgz,https://www.instagram.com/pickdawgz,,0,,,,,en,,,,,,,,,,,,,PickDawgz,Get Free Picks from the Best Sports Handicappers as well as Guaranteed Premium Sports Picks EVERY SINGLE DAY! PickDawgz is your Best Bet!,,,,,,,,,,,,+1 800-522-4700:18005224700:+1 443-637-6047:+14436376047:+1 775-636-7676,,,,,,,,WooCommerce,,68,0.00,10.9.4,0,0,0,0,0.00,0,0,0,0,220,5007,0.03,,,,,,,,,,,,,,,,,,,,,Active,,,,,Cloudflare:Cloudflare CDN:Google Ads Pixel:Google Adsense:Google Tag Manager:Google Workspace:Hotjar:HubSpot:PayPal Checkout:SamCart:Tawk:YouTube Player,12,Unknown,0,0,,Unknown,Unknown,@pickdawgz,478800,,142,https://www.tiktok.com/@pickdawgz,Free Picks from The Best Sports Handicappers | PickDawgz,,,,pickdawgz,12900,,,18080,https://twitter.com/PickDawgz,,,,,,,pickdawgz,https://www.youtube.com/channel/UC4RadeJAL7K1QkEq1T9Wm0w,280000,,4034,https://www.youtube.com/@pickdawgz,
www.gottman.com,,info.gottman.com,,,,,,/Health/Social Services,Seattle,www.gottman.com:learn.gottman.com,,331100,,3242343,1519886,,"Seattle, WA, USA",,US,2016/12/30,,The Gottman Institute. A research-based approach to relationships. Explore our resources and tools developed by Drs. John and Julie Gottman.,2,gottman.com,https://www.gottman.com,,70,4462434,"USD $5,717,650.39",1206063,"USD $68,611,804.68",gottmaninstitute,,,https://www.facebook.com/GottmanInstitute,,https://www.gottman.com/wp-content/uploads/2024/01/g_icon_two_tone-300x300.png,Product Page Video Tag:Has CMS,,true,false,gottmaninstitute,https://instagram.com/gottmaninstitute,https://woocommerce.com/products/authorize-net/:https://woocommerce.com/products/pay-with-amazon/:https://woocommerce.com/products/smart-coupons/:https://woocommerce.com/products/woocommerce-paypal-payments/,4,"Authorize.net, a Visa solution:Amazon Pay:Smart Coupons:PayPal Payments",,,,en,,,,,hello-elementor-child,2025/10/26,the-gottman-institute,https://www.linkedin.com/company/the-gottman-institute,,,,,The Gottman Institute,The Gottman Institute. A research-based approach to relationships. Explore our resources and tools developed by Drs. John and Julie Gottman.,,,,,,,,,,,https://www.gottman.com/wp-content/uploads/2026/03/Time-Magazine_Black.svg,,gottmaninst,41200,,,1689,https://www.pinterest.com/GottmanInst,,WooCommerce,,69,0.00,11.0.1,0,0,0,0,0.00,0,0,0,0,642,5027,0.03,Americas,,,,,,,,,,,,,,,,,,,Washington,Active,,,Northern America,,Authorize.net:Cloudflare:Cloudflare CDN:Cookiebot:Facebook Pixel:Google Ads Pixel:Google Adsense:Google Tag Manager:Google Workspace:Hotjar:HubSpot:Impact:Klarna:LinkedIn Insight Tag:ManyChat:Microsoft Clarity:Object Cache Pro Wordpress Plugin:PayPal Checkout:Wordpress:Yoast:Zendesk:optinmonster:Salesforce,23,hello-elementor,0,0,,Unknown,Unknown,,,,,,The Gottman Institute | Relationships,,,,gottmaninst,47900,,,17378,https://x.com/GottmanInst,,,,,,,thegottmaninstitute,https://www.youtube.com/channel/UCnT1R08f7FHLab3nB4f0AGQ,242000,,14464,https://www.youtube.com/user/TheGottmanInstitute,
vaguevisages.com,https://vaguevisages.com/category/about,www.vaguevisages.com,,,,,,/Arts & Entertainment/Movies,,vaguevisages.com,,119,,153784,2231471,,,,US,2017/01/27,USD,"Movies, TV & Music • Independent Film Criticism • Soundtrack Guides • Forming the Future • Est. 2014",1,vaguevisages.com,https://vaguevisages.com,,,5193944,"USD $6,654,923.75",1403768,"USD $79,859,085.00",vaguevisages,,,https://www.facebook.com/VagueVisages,,https://vaguevisages.com/wp-content/uploads/2021/08/image-300x300.jpg?crop=1,Tracking or Returns:Tracking Page:Has CMS,,true,false,vaguevisages,https://www.instagram.com/vaguevisages,https://woocommerce.com/products/woopayments/,1,WooPayments,,,,en,,,,,,2025/01/25,vague-visages,https://www.linkedin.com/company/vague-visages,,,,,Vague Visages (Vawg,"Movies, TV & Music • Independent Film Criticism • Soundtrack Guides • Forming the Future • Est. 2014",,,,,,,,,,,https://vaguevisages.com/wp-content/uploads/2020/05/vague-visages-logo-copy.png,,,,,,,,,WooCommerce,,70,0.00,11.1.0,0,0,0,0,0.00,0,0,0,0,7895,5034,0.03,Americas,,,,,,,,,,,,,,,,,,,,Active,,,Northern America,,Google Adsense:Google Analytics:Google Analytics 4:Google Tag Manager:Microsoft 365:WP Rocket:Wordpress:Yoast,8,broadsheet,0,0,,Unknown,Unknown,,,,,,"Vague Visages (Vawg-Vee-Sawj) | Movies, TV & Music • Independent Film Criticism • Forming the Future • @VagueVisages • Owned & Operated by Q.V. Hough (@QVHough) Since 2014",https://vaguevisages.com/category/tv-soundtracks-songs-television,,,vvisages,119,,-12,,https://twitter.com/VVisages,,,,,,,,,,,,,
www.emeraldpalate.com,https://www.emeraldpalate.com/about,emeraldpalate.com,,,,,,/Travel,Seattle,www.emeraldpalate.com,,7026,,89565528,118212142,,"Seattle, WA, USA",https://www.emeraldpalate.com/contact,US,2018/06/15,,"Explore the Pacific Northwest with Seattle food tours, retreats, and travel planning services from a local food and travel expert.",1,emeraldpalate.com,https://www.emeraldpalate.com,,,4513726,"USD $5,783,369.86",1219925,"USD $69,400,438.32",emeraldpalate,,,https://www.facebook.com/emeraldpalate,https://www.emeraldpalate.com/how-to-spend-24-hours-in-downtown-seattle-like-a-local,https://www.emeraldpalate.com/wp-content/uploads/2020/12/cropped-EP_favicon-180x180.png,Contact Page:Signature Required:Tracking or Returns:Tracking Page:FAQ Page:Wholesale/Retailers Page:Has Blog:Has CMS,,true,false,emeraldpalate,https://www.instagram.com/emeraldpalate,https://woocommerce.com/products/woocommerce-paypal-payments/:https://woocommerce.com/products/woopayments/,2,PayPal Payments:WooPayments,,,,en,,,,,,2021/10/20,,,,,,,The Emerald Palate,"Explore the Pacific Northwest with Seattle food tours, retreats, and travel planning services from a local food and travel expert.",,,,,,,,,,,,,emeraldpalate,6200,,,18625,https://www.pinterest.com/emeraldpalate,,WooCommerce,,71,0.00,10.3.7,0,0,0,0,0.00,0,0,0,0,245,5040,0.03,Americas,https://www.emeraldpalate.com/where-to-find-the-best-steak-tartare-in-seattle,,,,,,,,,,,,,,,,,,Washington,Active,,,Northern America,,CJ Affiliate:Facebook Pixel:Google Ads Pixel:Google Adsense:Google Analytics:Google Analytics 4:Google Tag Manager:MonsterInsights:Wordpress:Yoast:reCAPTCHA,11,harper-theme,0,0,,Unknown,Unknown,,,,,,"Seattle Food Tours, PNW Retreats & Travel Planning | The Emerald Palate",https://www.emeraldpalate.com/restaurants-with-best-food-delivery-seattle,,,emeraldpalate,826,,,3806,https://x.com/emeraldpalate,,,,,,,,,,,,,
adventuresofaplusk.com,https://adventuresofaplusk.com/about-us,www.adventuresofaplusk.com,,,,,,/Travel,,adventuresofaplusk.com,,300500,,4230004,3921513,,On the road,https://adventuresofaplusk.com/contact,,2018/08/17,,"Ready for your next adventure? Our detailed travel guides, YouTube videos, and travel resources share the must-visit local eats, popular and off the beaten path sights, and tons of tips so you can spend less time (and stress!) planning your trip and more time enjoying it! HI Y’ALL! WE’RE ADAM, KATHRYN, & KONA! We’re an […]",1,adventuresofaplusk.com,https://adventuresofaplusk.com,hello@adventuresofaplusk.com,,4375593,"USD $5,606,382.78",1182592,"USD $67,276,593.36",adventuresofaplusk,,,https://www.facebook.com/adventuresofaplusk,https://adventuresofaplusk.com/how-to-plan-a-trip,https://adventuresofaplusk.com/wp-content/uploads/2018/07/cropped-aplusk_icon-180x180.png,Contact Page:Has iOS App:FAQ Page:Has CMS,,true,false,adventuresofaplusk,https://www.instagram.com/adventuresofaplusk,https://woocommerce.com/products/woopayments/,1,WooPayments,id414706506,,,en,,,,,Divi,2024/01/24,,,,,,,Adventures of A+K,"Ready for your next adventure? Our detailed travel guides, YouTube videos, and travel resources share the must-visit local eats, popular and off the beaten path sights, and tons of tips so you can spend less time (and stress!) planning your trip and more time enjoying it! HI Y’ALL! WE’RE ADAM, KATHRYN, & KONA! We’re an […]",,,,,,,,,,,https://adventuresofaplusk.com/wp-content/uploads/2023/09/homepage3.jpeg,,adventuresofaplusk,5500,,,7023,https://www.pinterest.com/adventuresofaplusk,,WooCommerce,,72,0.00,7.7.0,0,0,0,0,0.00,0,0,0,0,298,5048,0.03,,,,,,,,,,,,,,,,,,,,,Active,,,,,CJ Affiliate:Google Ads Pixel:Google Adsense:Google Analytics:Google Analytics 4:Google Tag Manager:Google Workspace:Impact:ShareASale:Sucuri:Wordpress:Yoast:YouTube Player,13,airfoil,0,0,,Unknown,Unknown,,,,,,Home - Adventures of A+K - Adventures of A+K,,,,,,,,,,,,,,,,adventuresofaplusk,https://www.youtube.com/channel/UCU2XpPnwebf9VwOuddBb9NQ,295000,4013,7348,https://www.youtube.com/c/adventuresofaplusk,
www.roundrocktexas.gov,,www.rrtxwater.com,,,,,https://www.roundrocktexas.gov/city-departments/communications-and-marketing/brands,,Round Rock,www.roundrocktexas.gov,,42880,,6897466,5292351,,"Round Rock, TX, USA",https://www.roundrocktexas.gov/city-about-round-rock/contact,US,2016/12/30,USD,"Located in Central Texas and one of the fastest growing cities in America, Round Rock is nationally recognized as one of the country’s most livable towns.",1,roundrocktexas.gov,https://www.roundrocktexas.gov,,541,4336512,"USD $5,556,308.10",1172030,"USD $66,675,697.20",roundrock,,,https://facebook.com/roundrock,,https://www.roundrocktexas.gov/wp-content/uploads/2020/02/cropped-RR_ICON_COLOR-180x180.png,Contact Page:Has iOS App:Tracking or Returns:Returns Page:Financing Page:Has Blog:Headless:Has CMS,https://www.roundrocktexas.gov/city-departments/finance/budget-office,true,true,roundrocktexas,https://www.instagram.com/roundrocktexas,,0,,id950366623,,,en,,,,,,2026/09/05,city-of-round-rock,https://www.linkedin.com/company/city-of-round-rock,,,,,City of Round Rock,"Located in Central Texas and one of the fastest growing cities in America, Round Rock is nationally recognized as one of the country’s most livable towns.",,,,,,,,,,,https://www.roundrocktexas.gov/wp-content/uploads/2021/07/Tower-Trees-Blue-Sky-Social.png,+1 512-218-5400:+1 512-218-5440:+1 888-313-4747,,,,,,,,WooCommerce,,73,0.00,,0,0,0,0,0.00,0,0,0,0,10116,5057,0.03,Americas,,https://www.roundrocktexas.gov/readers-exchange/2025/07/fifth-class-of-round-rock-teen-univercity-graduates,,,,,,,,,,,,,UPS,,,,Texas,Active,,,Northern America,,Cloudflare:Google Ads Pixel:Google Adsense:Google Analytics:Google Analytics 4:Google Tag Manager:MonsterInsights:Skai:WP Engine:WP Rocket:Wordpress:Yoast,12,astra,1,2,,Unknown,Unknown,,,,,,Home - City of Round Rock,,,,roundrock,40000,,,12421,https://twitter.com/roundrock,,,,,,,cityofroundrock,https://www.youtube.com/channel/UC9jgA3EaJeAq_E40xvAJhDg,2880,42,128,https://www.youtube.com/user/cityofroundrock,
www.tdiinternational.com,https://www.tdiinternational.com/about-us,tdiinternational.com,,,,,,,,www.tdiinternational.com,,,,90505108,174004155,,,,US,2016/12/30,USD,TDI International offers the highest quality clean room & lab equipment as well as high precision hand tools & tweezers for electronics assembly & labs.,1,tdiinternational.com,https://www.tdiinternational.com,equipment@tdiinternational.com:equipment@tdiinterational.com,,7476575,"USD $9,579,624.02",2020695,"USD $114,955,488.24",,,,,,https://www.tdiinternational.com/wp-content/uploads/2026/05/cropped-tdi-web-icon-180x180.webp,Warranty Page:Has CMS,,true,false,,,,0,,,,,en,,,,,avanam,2025/12/17,,,,,,,www.tdiinternational.com,TDI International offers the highest quality clean room & lab equipment as well as high precision hand tools & tweezers for electronics assembly & labs.,,,,,,,,,,,,+1 520-799-8000,,,,,,,,WooCommerce,,74,0.00,10.3.5,0,0,0,0,0.00,0,0,0,0,193,5060,0.03,Americas,,,,,,,,,,,,,,,Fedex,,,,,Active,,,Northern America,,Google Ads Pixel:Google Adsense:Google Tag Manager:Microsoft 365:Wordpress:reCAPTCHA,6,blocksy,0,0,,Unknown,Unknown,,,,,,TDI International Inc – Lab Essentials That Work As Hard As You Do,,,,,,,,,,,https://www.tdiinternational.com/chairs-stools/chair-stool-warranty,,,,,,,,,,,
www.hennessandhaight.com,https://www.hennessandhaight.com/about-us,hennessandhaight.com,,,,,,/Legal Services,,www.hennessandhaight.com,,,,82122442,147288928,,8972 Spanish Ridge Ave Las Vegas Nevada US,https://www.hennessandhaight.com/contact-us,US,2017/01/27,,The top-rated personal injury & car accident attorneys at Henness & Haight have secured millions for Las Vegas clients. Help is here. Call (702) 862-8200.,1,hennessandhaight.com,https://www.hennessandhaight.com,mail@hennessandhaight.com,,5716754,"USD $7,324,792.71",1545068,"USD $87,897,512.52",hennessandhaight,,,https://www.facebook.com/hennessandhaight,https://www.hennessandhaight.com/faqs,https://www.hennessandhaight.com/wp-content/uploads/2020/10/cropped-cropped-HH_Favicon-180x180.jpg,Cryptocurrency Messaging:Contact Page:Tracking or Returns:Tracking Page:FAQ Page:Has Blog:Headless:Has CMS,,true,true,,,,0,,,,,en,,,,,,2026/09/02,,,,,,,Henness & Haight,The top-rated personal injury & car accident attorneys at Henness & Haight have secured millions for Las Vegas clients. Help is here. Call (702) 862-8200.,,,,,,,,,,,,+1 702-862-8200:+1 702-935-4898,,,,,,,,WooCommerce,,75,0.00,,0,0,0,0,0.00,0,0,0,0,47,5066,0.03,Americas,,,,,,,,,,,,,,,Fedex:UPS,,,,,Active,,,Northern America,,Braintree:Cloudflare:Cloudflare CDN:Google Ads Pixel:Google Adsense:Google Tag Manager:WP Rocket:Wordpress,8,salient,1,1,,Unknown,Unknown,,,,,,"Las Vegas, NV Personal Injury Attorneys | Henness & Haight",https://www.hennessandhaight.com/las-vegas-car-accident-attorneys/amazon-fedex-ups-delivery-driver-accidents,,,,,,,,,,,,,,,uc5car65ynbv0aktqsk7rbxq,https://www.youtube.com/channel/UC5caR65Ynbv0akTqsk7RBXQ,,,,https://www.youtube.com/channel/UC5caR65Ynbv0akTqsk7RBXQ,
www.bavarianinn.com,https://www.bavarianinn.com/about-us,frankenmuthweddings.com,,,,,,/Travel/Hotels & Accommodations,Frankenmuth,www.bavarianinn.com:onlinestore.bavarianinn.com,,53975,,2325089,6078002,,"Frankenmuth, MI, USA",https://www.bavarianinn.com/contact-us,US,2016/12/30,,"Bavarian Inn Lodge & Restaurant is a resort hotel and restaurant experience located in Frankenmuth, MI. Often considered one of the best hotels you can stay at in Frankenmuth.",2,bavarianinn.com,https://www.bavarianinn.com,diningsales@bavarianinn.com:lodgeinfo@bavarianinn.com,126,4311473,"USD $5,524,226.37",1165262,"USD $66,290,716.44",frankenmuthbavarianinnlodge,,,https://www.facebook.com/FrankenmuthBavarianInnLodge,https://www.bavarianperks.com/en/FAQ,https://bavarianinn.b-cdn.net/wp-content/uploads/2019/11/cropped-cropped-logo_small-1-02-180x180.png,FAQ Page:Contact Page:Has Blog:Has CMS,,true,false,bavarianinn,https://www.instagram.com/bavarianinn,,0,,,,,en,,,,,Divi,2024/09/27,bavarian-inn-lodge,http://www.linkedin.com/company/bavarian-inn-lodge,,,,,Best Michigan Vacation Hotel,"Bavarian Inn Lodge & Restaurant is a resort hotel and restaurant experience located in Frankenmuth, MI. Often considered one of the best hotels you can stay at in Frankenmuth.",,,,,,,,,,,,+1 800-228-2742:+1 855-652-7200:+1 989-284-1170:+1 989-652-7200,bavarianinn,2000,,,649,https://www.pinterest.com/bavarianinn,,WooCommerce,,76,0.00,9.7.3,0,0,0,0,0.00,0,0,0,0,1066,5067,0.03,Americas,,,,,,,,,,,,,,,,,,,Michigan,Active,,,Northern America,,Bing Ads:Facebook Pixel:Google Ads Pixel:Google Adsense:Google Analytics:Google Tag Manager:HubSpot:Microsoft Clarity:OpenTable:Wordpress:optinmonster:reCAPTCHA,12,divi-child-mega,0,0,,Unknown,Unknown,@bavarianinn,46800,1071,3696,https://www.tiktok.com/@bavarianinn,Michigan Resort in Frankenmuth | Best Michigan Vacation Hotel,,,,bavarian_inn,4145,,-10,6217,https://twitter.com/Bavarian_Inn,,,,,,,ucfr2-pj4kwwgvplb1iuqvag,https://www.youtube.com/channel/UCfr2-PJ4KwWgvplb1IuQvag,1030,,10,https://www.youtube.com/channel/UCfr2-PJ4KwWgvplb1IuQvag,
knoebels.com,https://knoebels.com/about-us,knoebelspark.com,com.airkast.tunekast1856_171,,,,,/Attractions/Theme Parks,Elysburg,knoebels.com,,99350,,3938203,5063574,,"Elysburg, PA 17824, USA",https://knoebels.com/contact,US,2020/08/14,USD,,1,knoebels.com,https://knoebels.com,contact@knoebels.com:esales@knoebels.com:tickets@knoebelsresorts.com,166,4293411,"USD $5,501,084.51",1160381,"USD $66,013,014.12",knoebelsamusementresort,,,https://www.facebook.com/KnoebelsAmusementResort,https://knoebels.com/faqs,https://knoebels.com/wp-content/uploads/2025/06/knoebels-100-favicon.svg,Career Page:Contact Page:Has iOS App:Has Android App:FAQ Page:Has CMS,,true,false,knoebels,https://www.instagram.com/knoebels,https://woocommerce.com/products/square/,1,Square,id649382527,,,en,,,,,,2026/04/02,knoebels,https://www.linkedin.com/company/knoebels,,,,,knoebels.com,,,,,,,,,,,,,+1 800-487-4386:+1 570-672-2572:+1 570-672-9064:+1 570-672-2441,,,,,,,,WooCommerce,,77,0.00,11.0.1,0,0,0,0,0.00,0,0,0,0,265,5071,0.03,Americas,,,,,,,,,,,,,,,,,,,Pennsylvania,Active,,,Northern America,,Barracuda Email Protection:Cloudflare:Cloudflare CDN:CookieYes:Klaviyo:Wordpress:reCAPTCHA,7,hello-elementor,0,0,,Unknown,Unknown,@knoebelsofficial,81800,,4285,https://www.tiktok.com/@knoebelsofficial,Knoebels Amusement Resort – America's Largest Free-Admission Amusement Park,,,,knoebels,11800,,,,https://twitter.com/knoebels,,,,,,,knoebelstube,https://www.youtube.com/channel/UCPdvGLptN1KkkweICRzX9wQ,5750,104,1371,https://www.youtube.com/user/KnoebelsTube,17824
www.statueofliberty.org,,www.libertyellisfoundation.nyc,,,,,,,New York,www.statueofliberty.org,,6408,,297348,159316,,"New York, NY, USA",https://www.statueofliberty.org/contact-us,US,2017/01/27,USD,Overview + History Statue of Liberty Museum The Role of the Foundation The Future of Liberty · Ellis Island Click for more info. Overview + History National ...,1,statueofliberty.org,https://www.statueofliberty.org,devadmin@libertyellisfoundation.org:ContactUs@LibertyEllisFoundation.org,54,4352210,"USD $5,576,422.85",1176272,"USD $66,917,074.20",statueellisfdn,,,https://www.facebook.com/StatueEllisFdn,,https://www.statueofliberty.org/wp-content/themes/solief/dist/images/favicons/apple-touch-icon_193b95e1.png,Contact Page:Has iOS App:Career Page:Has CMS,,true,false,statueellisfdn,https://www.instagram.com/StatueEllisFdn,https://woocommerce.com/products/woocommerce-subscriptions/,1,WooCommerce Subscriptions,id1457506359,,,en,,,,,,2026/04/04,,,,,,,The Statue of Liberty,Overview + History Statue of Liberty Museum The Role of the Foundation The Future of Liberty · Ellis Island Click for more info. Overview + History National ...,,,,,,,,,,,https://www.statueofliberty.org/wp-content/uploads/2020/03/statue-of-liberty-2114376_1920.jpg,+1 212-561-4588:+1 877-523-9849,,,,,,,,WooCommerce,,78,0.00,,0,0,0,0,0.00,0,0,0,0,40,5076,0.03,Americas,,,,,,,,,,,,,,,,,,,New York,Active,,,Northern America,,CookieYes:Facebook Pixel:Google Ads Pixel:Google Adsense:Google Analytics:Google Tag Manager:Microsoft 365:New Relic:Smush Wordpress Plugin:Stripe:WP Rocket:Wordpress:YouTube Player:reCAPTCHA,14,solief,0,0,,Unknown,Unknown,,,,,,The Statue of Liberty — Ellis Island Foundation,,,,statueellisfdn,5706,,-74,8890,https://www.twitter.com/StatueEllisFdn,,,,,,,statueoflibertyellisislandfoundation,https://www.youtube.com/channel/UCOWf8OaeXxQPYFXmGdgcO9A,702,,14,https://www.youtube.com/c/StatueofLibertyEllisIslandFoundation,
www.uchirestaurants.com,,ur.workhorsewebit.com,,,,,,/Food & Drink,,www.uchirestaurants.com:uchi.uchirestaurants.com:uchiko.uchirestaurants.com:uchiba.uchirestaurants.com,,,,2344700,8721493,,,,US,2022/04/29,USD,"Building on a foundation of the original Uchi restaurant, Uchiko and Uchibā offer their own distinct variations on Chef Tyson Cole’s vision.",4,uchirestaurants.com,https://www.uchirestaurants.com,,3,7401900,"USD $9,483,944.62",2000513,"USD $113,807,335.44",,,,,,https://www.uchirestaurants.com/wp-content/uploads/2022/09/ur-icon.png,Has CMS,,true,false,,,,0,,,,,en,,,,,,2023/03/09,,,,,,,Uchi Restaurants,"Building on a foundation of the original Uchi restaurant, Uchiko and Uchibā offer their own distinct variations on Chef Tyson Cole’s vision.",,,,,,,,,,,https://www.uchirestaurants.com/wp-content/uploads/2022/12/uchirestaurants-img-opengraph-sitecover.png,,,,,,,,,WooCommerce,,79,0.00,11.1.0,0,0,0,0,0.00,0,0,0,0,1,5077,0.03,Americas,,,,,,,,,,,,,,,,,,,,Active,,,Northern America,,Cloudflare:Cloudflare CDN:Facebook Pixel:Google Ads Pixel:Google Adsense:Google Tag Manager:LinkedIn Insight Tag:Microsoft Clarity:Mimecast Email Security:SevenRooms:TikTok Pixel:WP Rocket:Wordpress:Yoast,14,uchi-restaurants,0,0,,Unknown,Unknown,,,,,,Uchi Restaurants: A Family of Extraordinary Dining Experiences,,,,,,,,,,,,,,,,,,,,,,
vanleeuwenicecream.com,,vleeuwenprd.wpengine.com,,,,,,/Food & Drink/Food/Baked Goods & Desserts,,vanleeuwenicecream.com:vanleeuwenicecream.sg:operations.vanleeuwenicecream.com:sandbox.vanleeuwenicecream.com,,14800,,1263314,352321,,"Brooklyn, NY, USA",,US,2016/12/30,,Voted Best Vanilla Ice Cream by Wirecutter. Over 50 scoop shops with pints available in grocery stores and for nationwide shipping.,4,vanleeuwenicecream.com,https://vanleeuwenicecream.com,orders@vanleeuwenicecream.com,219,4210391,"USD $5,394,711.20",1137943,"USD $64,736,534.40",vanleeuwenicecream,,,https://www.facebook.com/vanleeuwenicecream,https://vanleeuwenicecream.com/faqs,,Tracking or Returns:Tracking Page:Signature Required:FAQ Page:Has CMS,,true,false,vanleeuwenicecream,https://instagram.com/vanleeuwenicecream,https://woocommerce.com/products/square/,1,Square,,,,en,,,,,porto,2022/07/29,van-leeuwen-artisan-ice-cream,https://www.linkedin.com/company/van-leeuwen-artisan-ice-cream,,,,,Van Leeuwen Ice Cream,Voted Best Vanilla Ice Cream by Wirecutter. Over 50 scoop shops with pints available in grocery stores and for nationwide shipping.,,,,,,,,,,,,,,,,,,,,WooCommerce,,80,0.00,8.8.5,0,0,0,0,0.00,0,0,0,0,27,5101,0.03,Americas,,,,,,,,,,,https://grubhub.com/restaurant/van-leeuwen-artisan-ice-cream-300-s-santa-fe-ave-los-angeles/2139112?classicAffiliateId=%2Fr%2Fw%2F2139112%2F&utm_source=kitchen.grubhub.com&utm_medium=OOL&utm_campaign=order%20online&utm_content=2139112,https://postmates.com/merchant/van-leeuwen-los-angeles-2,,GrubHub:Postmates,,,,,New York,Active,,,Northern America,,Attentive:Cloudflare:Cloudflare CDN:Facebook Pixel:Google Workspace:Klaviyo:WP Engine:Wordpress:Yoast:accessiBe:Zendesk,11,van-leeuwen-ice-cream,0,0,,Unknown,Unknown,@vanleeuwenicecream,14800,211,1366,https://www.tiktok.com/@vanleeuwenicecream,Home | Van Leeuwen Ice Cream,https://vanleeuwenicecream.com/local-delivery,,,,,,,,,,,,,,,,,,,,,
prague.eu,https://prague.eu/en/about-the-programme,vanocnipraha.cz,,,,,,/Travel,,prague.eu:www.prague.rentals,,28070,,84932,60675,CZ07312890,,https://prague.eu/en/home/contact,CZ,2021/02/26,CZK,,2,prague.eu,https://prague.eu,tourinfo@prague.eu:eshop@prague.eu:gdpr@prague.eu,,6407527,"USD $8,209,869.59",1731764,"USD $98,518,435.08",praguecitytourism,,,https://www.facebook.com/praguecitytourism,,https://prague.eu/apple-touch-icon.png?v=1.1,Tracking Page:Contact Page:Tracking or Returns:Wholesale/Retailers Page:Brand Advocate Page:Has CMS,,true,false,praguecitytourism,https://www.instagram.com/praguecitytourism,,0,,,,,cs,,,,,,2024/07/30,,,,,,,Prague City Tourism,,,,,,,,,,,,,+420 221 714 714:+420 736 222 303:+420 224 193 111:+420 222 822 111,,,,,,,,WooCommerce,,81,0.00,8.9.3,0,0,0,0,0.00,0,0,0,0,1612,5103,0.03,Europe,https://prague.eu/en/ubytovani/boutique-hotel-jalta,,,,,,,,,,,,,,,,,,,Active,,,Eastern Europe,,Contentsquare:Facebook Pixel:Google Ads Pixel:Google Adsense:Google Analytics:Google Analytics 4:Google Tag Manager:Microsoft 365:Microsoft Clarity:Wordpress:Yoast,11,pct,0,0,,Unknown,Unknown,,,,,,Home | Prague City Tourism,https://prague.eu/en/objevujte/prosek-bobsleigh-track-bobova-draha-prosek,,,pragueeu,19300,,,,https://x.com/PragueEU,,,,,,,praguecitytourism233,https://www.youtube.com/channel/UCkCOI8G0lFa9zRX6gsIdvHw,8770,,102,https://www.youtube.com/@praguecitytourism233,
www.usmoneyreserve.com,https://www.usmoneyreserve.com/about,www.usmoneyreserve-ira.com,,,,,,/Business & Industrial/Metals & Mining/Precious Metals,Austin,www.usmoneyreserve.com:mike.usmoneyreserve.com,3.6,3120,1,8487587,56600794,,"Austin, TX, USA",https://www.usmoneyreserve.com/contact,US,2019/03/22,USD,"U.S. Money Reserve is the only gold company led by a former U.S. Mint Director. Buy precious metals bullion, bars, and coins with confidence.",2,usmoneyreserve.com,https://www.usmoneyreserve.com,,223,4556185,"USD $5,837,773.02",1231401,"USD $70,053,276.24",usmoneyreserveinc,,,https://www.facebook.com/UsMoneyReserveInc,https://www.usmoneyreserve.com/how-to-buy-gold,https://www-cdn.usmoneyreserve.com/www-prod/2021/04/cropped-USMR-favicon-180x180.webp,FAQ Page:Contact Page:Signature Required:Career Page:Has CMS,,true,false,usmoneyreserve,https://www.instagram.com/usmoneyreserve,https://woocommerce.com/products/authorize-net/,1,"Authorize.net, a Visa solution",,,,en,,,,,dt-the7-usmr,2022/04/14,u-s-money-reserve,https://www.linkedin.com/company/u-s-money-reserve,,,,,U.S. Money Reserve,"U.S. Money Reserve is the only gold company led by a former U.S. Mint Director. Buy precious metals bullion, bars, and coins with confidence.",,,,,,,,,,,https://www.usmoneyreserve.com/wp-content/uploads/2021/12/wp-featured-image.jpeg,+1 833-845-3003:+1 866-646-8465:+1 888-524-0613:+1 888-307-0992:+1 512-249-5194,usmoneyreserveinc,,,,,https://www.pinterest.com/usmoneyreserveinc,,WooCommerce,,82,0.00,10.8.1,0,0,0,0,0.00,0,0,0,0,1038,5107,0.03,Americas,,,,,,,,,,,,,,,UPS,,,,Texas,Active,,,Northern America,,Amplitude:Authorize.net:Bing Ads:Calendly:Cloudflare:Cloudflare CDN:Facebook Pixel:Google Ads Pixel:Google Adsense:Google Tag Manager:NitroPack:OneTrust Cookie Consent:Twitter Pixel:Wistia:Wordpress:Yoast,16,divi,0,0,,Unknown,Unknown,,,,,,U.S. Money Reserve | Buy Precious Metals | 1-866-646-8465,,3.6,1,usmoneyreserve,3120,,,6604,https://x.com/usmoneyreserve,,,,,,,usmoneyreserve,https://www.youtube.com/channel/UCuL8a3rLDa5aM7_RH0t73-A,,,,https://www.youtube.com/@USMoneyReserve,
www.atlantamagazine.com,https://www.atlantamagazine.com/about-us,www.southboundmag.com,,,,,https://www.atlantamagazine.com/homeandgarden/sub-zero-wolf-and-cove-three-specialist-brands-one-exceptional-kitchen,/Books & Literature,Atlanta,www.atlantamagazine.com:shop.atlantamagazine.com,,446800,,5274140,27716808,,"Atlanta, GA, USA",https://www.atlantamagazine.com/contact-us,US,2016/12/30,,"Atlanta Magazine is the authority on Atlanta, providing a mix of lively lifestyle coverage, in-depth service journalism, & literary essays.",2,atlantamagazine.com,https://www.atlantamagazine.com,,66,4142075,"USD $5,307,179.54",1119479,"USD $63,686,154.48",atlantamag,,,https://www.facebook.com/atlantamag,https://www.atlantamagazine.com/news-culture-articles/how-tom-cousins-practiced-golf-with-a-purpose,https://www.atlantamagazine.com/wp-content/uploads/sites/4/2018/06/atl_favicon_16x16.jpg,Cryptocurrency Messaging:Contact Page:Tracking or Returns:Returns Page:Signature Required:Tracking Page:FAQ Page:Financing Page:Wholesale/Retailers Page:Gift Messaging:Brand Advocate Page:Sizing Page:Career Page:Has CMS,https://www.atlantamagazine.com/news-culture-articles/bella-issakova-is-releasing-her-first-album-after-30-years-on-stage,true,false,atlantamagazine,https://instagram.com/atlantamagazine,,0,,,,,en,,,,,,2020/05/28,atlantamagazine,https://www.linkedin.com/company/atlantamagazine,,,,,Atlanta Magazine,"Atlanta Magazine is the authority on Atlanta, providing a mix of lively lifestyle coverage, in-depth service journalism, & literary essays.",,,,,,,,,,,https://www.atlantamagazine.com/wp-content/uploads/sites/4/2021/08/0921_artiststowatch03_jkelso_oneuseonly.jpg,+1 404-527-5500:+1 866-660-6247,,,,,,,,WooCommerce,,83,0.00,10.6.2,0,0,0,0,0.00,0,0,0,0,6934,5120,0.03,Americas,https://www.atlantamagazine.com/where-to-find,https://www.atlantamagazine.com/news-culture-articles/no-tables-no-chairs-returns-to-the-beltline-with-west-african-sound-you-cant-sit-still-to,,,,,,,,,,,,,Fedex,,,,Georgia,Active,,,Northern America,,Facebook Pixel:Google Ads Pixel:Google Adsense:Google Analytics:Google Analytics 4:Google Tag Manager:Microsoft 365:Object Cache Pro Wordpress Plugin:Sailthru:Wordpress:Yoast:YouTube Player:reCAPTCHA,13,newspaper,0,0,,Unknown,Unknown,,,,,,"Atlanta Magazine | Lifestyle coverage, service journalism, & literary essays",https://www.atlantamagazine.com/news-culture-articles/a-memoir-from-atlanta-music-and-comedy-icon-darryl-rhoades-tracks-the-citys-rock-history,,,atlantamagazine,446800,,,35307,https://twitter.com/atlantamagazine,,,,,,,,,,,,,
www.dovesfarm.co.uk,https://www.dovesfarm.co.uk/about/our-story,,,,,,,/Food & Drink/Food/Grains & Pasta,Hungerford,www.dovesfarm.co.uk,3.8,,126,11958986,26341910,,"Hungerford RG17, UK",https://www.dovesfarm.co.uk/contact-us,GB,2016/12/30,GBP,"Discover Organic Flour, Breakfast Cereals, Baking Essentials and more at Doves Farm – trusted by certifications like Soil Association, Vegan Society and Coeliac UK.",1,dovesfarm.co.uk,https://www.dovesfarm.co.uk,hello@dovesfarm.co.uk,60,4656340,"USD $5,966,099.97",1258470,"USD $71,593,199.64",dovesfarmfoods,,,https://www.facebook.com/dovesfarmfoods,https://www.dovesfarm.co.uk/faqs,https://www.dovesfarm.co.uk/wp-content/uploads/2023/08/favicon-32x32-1.webp,Contact Page:Tracking or Returns:Tracking Page:FAQ Page:Has CMS,,true,false,dovesfarm,https://www.instagram.com/dovesfarm,,0,,,,,en,,,,,,2023/10/24,doves-farm-foods,https://www.linkedin.com/company/doves-farm-foods,,,,,Doves Farm,"Discover Organic Flour, Breakfast Cereals, Baking Essentials and more at Doves Farm – trusted by certifications like Soil Association, Vegan Society and Coeliac UK.",,,,,,,,,,,https://www.dovesfarm.co.uk/wp-content/uploads/2023/09/Packaging-1.jpg,+44 1488 684880,,,,,,,,WooCommerce,,84,0.00,10.0.2,0,0,0,0,0.00,0,0,0,0,187,5133,0.03,Europe,,,,,,,,,,,,,,,,,,,England,Active,https://www.dovesfarm.co.uk/stockists,,Northern Europe,,Cloudflare:Cloudflare CDN:Cookie Law Info:CookieYes:Facebook Pixel:Google Ads Pixel:Google Adsense:Google Tag Manager:Klaviyo:Microsoft 365:Trustpilot:WP Rocket:Wordpress:reCAPTCHA,14,dovesfarmfoods,0,0,,Unknown,Unknown,,,,,,Organic Flour | Doves Farm,https://www.dovesfarm.co.uk/delivery,3.8,126,,,,,,,,,,,,,,,,,,,RG17
thediyplaybook.com,https://thediyplaybook.com/about,diyplaybook.com,,,,,https://thediyplaybook.com/working-with-brands-101,/Toys & Hobbies/Arts & Crafts,Chicago,thediyplaybook.com,,364300,,1797893,380566,,"Chicago, IL, USA",https://thediyplaybook.com/contact,US,2017/07/28,,"Your Guide to a Stylish, Functional Home start with these posts About Me Hi friends, I’m Casey! Since 2013, I’ve been sharing home tips and projects here on The DIY Playbook. I’m a Chicago gal who lives by the motto that “everything is figure-out-able”! Here you can explore in-depth tutorials on design, DIY projects, and...",1,thediyplaybook.com,https://thediyplaybook.com,,,4117191,"USD $5,275,295.84",1112754,"USD $63,303,550.08",diy.playbook,,,https://www.facebook.com/DIY.Playbook,https://thediyplaybook.com/how-to-center-a-light-fixture,https://thediyplaybook.com/wp-content/uploads/2024/08/cropped-dp-favicon-180x180.png,Contact Page:Signature Required:FAQ Page:Brands Page:Has CMS,,true,false,diyplaybook,https://instagram.com/diyplaybook,,0,,,,,en,,,,,rhd-the-diy-playbook,2024/09/06,,,,,,,DIY Playbook,"Your Guide to a Stylish, Functional Home start with these posts About Me Hi friends, I’m Casey! Since 2013, I’ve been sharing home tips and projects here on The DIY Playbook. I’m a Chicago gal who lives by the motto that “everything is figure-out-able”! Here you can explore in-depth tutorials on design, DIY projects, and...",,,,,,,,,,,https://thediyplaybook.com/wp-content/uploads/2024/09/casey-finn-headshot-11-scaled.jpg,,diyplaybook,149200,,-240,43096,https://pinterest.com/diyplaybook,,WooCommerce,,85,0.00,11.1.0,0,0,0,0,0.00,0,0,0,0,581,5155,0.03,Americas,,,,,,,,,,,,,,,,,,,Illinois,Active,,,Northern America,,Cloudflare:Cloudflare CDN:Consentmanager.net:Google Ads Pixel:Google Adsense:Google Analytics:Google Analytics 4:Google Tag Manager:Pinterest Pixel:Wordpress:Yoast:YouTube Player:shop my,13,kadence,0,0,,Unknown,Unknown,@diyplaybook,176800,930,1971,https://www.tiktok.com/@diyplaybook,DIY Playbook - House projects and inspiration to create a home that you love.,,,,,,,,,,,,,,,,ucgtvixzavzecwopkhdxxcaw,https://www.youtube.com/channel/UCGTVIXZAVZecwOpKhDXXCaw,38300,,943,https://www.youtube.com/channel/UCGTVIXZAVZecwOpKhDXXCaw,
www.applecinemas.com,,applecinemaselite.com,,,,,,/Computers,,www.applecinemas.com,,,,12560185,15655248,,,,,2022/07/08,,,1,applecinemas.com,https://www.applecinemas.com,,,7025326,"USD $9,001,445.46",1898736,"USD $108,017,345.52",,,,,,https://www.applecinemas.com/assets/favicon.png,Headless,,false,true,,,,0,,,,,en,,,,,,,,,,,,,C360OnlineSWeb,,,,,,,,,,,,,,,,,,,,,WooCommerce,,86,0.00,,0,0,0,0,0.00,0,0,0,0,0,5182,0.04,,,,,,,,,,,,,,,,,,,,,Active,,,,,Cloudflare:Cloudflare CDN:Microsoft 365,3,Unknown,0,0,,Unknown,Unknown,,,,,,C360OnlineSWeb,,,,,,,,,,,,,,,,,,,,,,
cottageinn.com,https://cottageinn.com/about,www.cottageinnpizzapub.com,com.cottageinnpizza.app,,,,,/Food & Drink/Food/Pizza,,cottageinn.com,2.3,2018,16,720456,1884207,,Michigan and Ohio,https://cottageinn.com/contact,US,2016/12/30,,"Fresh handmade dough. Premium ingredients. Gourmet flavor in every bite. Cottage Inn Gourmet Pizza delivers handcrafted pizzas, wings, pasta, and more. Order online for delivery or carryout.",1,cottageinn.com,https://cottageinn.com,info@cottageinn.com,183,4162477,"USD $5,333,320.22",1124993,"USD $63,999,842.64",cottageinn,,,https://www.facebook.com/CottageInn,https://cottageinn.com/rewards/faq,https://cottageinn.com/app/uploads/2026/01/cropped-Favicon-Cottage-Inn-300x300.png,Returns Page:Has iOS App:Has Android App:Contact Page:Tracking or Returns:Tracking Page:FAQ Page:Has Blog:Sizing Page,,false,false,cottageinnpizza,https://www.instagram.com/cottageinnpizza,,0,,id1598304295,,,en,,,,,,,cottage-inn-pizza,https://www.linkedin.com/company/cottage-inn-pizza,,,,,Cottage Inn Gourmet Pizza,"Fresh handmade dough. Premium ingredients. Gourmet flavor in every bite. Cottage Inn Gourmet Pizza delivers handcrafted pizzas, wings, pasta, and more. Order online for delivery or carryout.",,,,,,,,,,,,+1 734-663-2470,,,,,,,,WooCommerce,,87,0.00,11.0.1,0,0,0,0,0.00,0,0,0,0,39,5217,0.04,Americas,,https://online.cottageinn.com/r/8317-marketexchange.html?categoryName=Plant-Based%20Menu&utm_source=Blog&utm_medium=VeganPolaris,,,,,,,,,,,,,,,,,,Active,,,Northern America,,Attentive:Barracuda Email Protection:Bing Ads:Cloudflare:Cloudflare CDN:Facebook Pixel:Google Ads Pixel:Google Adsense:Google Analytics:Google Tag Manager:Microsoft Clarity:Snap Pixel:WP Rocket:Wordfence:Yoast:reCAPTCHA,16,Unknown,0,0,,Unknown,Unknown,,,,,,"Cottage Inn Gourmet Pizza | Delivery & Carryout Pizza, Wings, Salads, & More",https://cottageinn.com/order/find-a-location/delivery,2.3,16,cottageinn,2018,,,6532,https://twitter.com/CottageInn,,,,,,,,,,,,,
douglascuddletoy.com,https://douglascuddletoy.com/about-us,www.douglascuddletoys.com,,,,,,/Toys & Hobbies/Stuffed Toys,Keene,douglascuddletoy.com,3.7,2204,3,7268351,2230312,,"Keene, NH, USA",https://douglascuddletoy.com/contact-us,US,2018/09/14,USD,"Since 1956, Douglas has been creating soft and cuddly toys. We offer a great selection of breed-specific plush, baby toys, lovable stuffed animals!",1,douglascuddletoy.com,https://douglascuddletoy.com,canada@douglastoys.com:usa@douglastoys.com:info@douglastoys.com:orders@douglastoys.com:fun@douglastoys.com,21,4142848,"USD $5,308,169.72",1119688,"USD $63,698,036.64",douglastoys,,,https://www.facebook.com/douglastoys,,https://douglascuddletoy.com/wp-content/uploads/2021/02/cropped-new-logo-512x512-2-180x180.png,Contact Page:Tracking or Returns:Returns Page:Wholesale/Retailers Page:Has Blog:Has CMS,,true,false,douglastoys,https://www.instagram.com/douglastoys,https://woocommerce.com/products/woocommerce-waitlist/,1,Waitlist,,,,en,,,,,,2024/02/22,douglas-co-inc-,https://www.linkedin.com/company/douglas-co-inc-,,,,,Douglas Cuddle Toys,"Since 1956, Douglas has been creating soft and cuddly toys. We offer a great selection of breed-specific plush, baby toys, lovable stuffed animals!",,,,,,,,,,,,+1 603-352-1248:+1 800-992-9002,,,,,,,,WooCommerce,,88,0.00,11.1.0,0,0,0,0,0.00,0,0,0,0,15,5236,0.04,Americas,https://douglascuddletoy.com/for-retailers,https://douglascuddletoy.com/return-policy,,,,,,,,,,,,,,,,,New Hampshire,Active,,,Northern America,,Bing Ads:Cookie Law Info:CookieYes:Cookiebot:Google Analytics:Klaviyo:PayPal Checkout:Wordpress:Yoast:reCAPTCHA,10,douglas,0,0,,Unknown,Unknown,,,,,,Douglas Cuddle Toys | Amazingly Soft and Cuddly Toys!,,3.7,3,douglastoys,1915,,,1299,https://x.com/douglastoys,,,,,,,douglastoys,https://www.youtube.com/channel/UCTpd7Q44zLBfjnZNXHxyTjw,289,,37,https://www.youtube.com/user/douglastoys,
ministryofcurry.com,https://ministryofcurry.com/about-ministry-of-curry,,,,,,,/Food & Drink/Food,,ministryofcurry.com,,172988,,4835733,1475744,,"New Jersey, USA",https://ministryofcurry.com/contact,US,2018/06/22,,"On the Ministry of Curry food blog discover authentic Indian recipes, plus other global dishes, from seasoned home chef and cookbook author Archana Mundhe.",1,ministryofcurry.com,https://ministryofcurry.com,,1,4092020,"USD $5,243,044.36",1105951,"USD $62,916,532.32",ministryofcurry,,,https://facebook.com/ministryofcurry,,https://ministryofcurry.com/wp-content/uploads/2020/08/MOC.png,Contact Page,,false,false,ministry_of_curry,https://instagram.com/ministry_of_curry,,0,,,,,en,,,,,foodiepro5,2026/07/14,,,,,,,Ministry of Curry,"On the Ministry of Curry food blog discover authentic Indian recipes, plus other global dishes, from seasoned home chef and cookbook author Archana Mundhe.",,,,,,,,,,,https://ministryofcurry.com/wp-content/uploads/2026/01/Ministryofcurry-1200-x-630.png,,ministryofcurry,134400,,,26363,https://pinterest.com/ministryofcurry,,WooCommerce,,89,0.00,11.1.0,0,0,0,0,0.00,0,0,0,0,209,5240,0.04,Americas,,,,,,,,,,,,,,,,,,,New Jersey,Active,,,Northern America,,Cloudflare:Cloudflare CDN:Consentmanager.net:Google Analytics:Google Analytics 4:Google Tag Manager:Google Workspace:WP Rocket:Yoast:YouTube Player,10,Unknown,0,1,,Unknown,Unknown,,,,,,Ministry of Curry | Indian Recipes & More Global Dishes,,,,ministry_curry,288,,-2,717,https://x.com/ministry_curry,,,,,,,ministryofcurry,https://www.youtube.com/channel/UCmz93_O9gskc2lMcs5UyPJg,38300,253,514,https://youtube.com/ministryofcurry,
www.providentmetals.com,https://www.providentmetals.com/about-us.html,mmqtunasnn3g.cloudmaestro.com:www.providentpreciousmetals.com,com.providentmetals.app,,,,,/Business & Industrial/Metals & Mining/Precious Metals,Dallas,www.providentmetals.com,1.1,3437,3685,9757464,29380752,,"Dallas, TX, USA",https://www.providentmetals.com/contacts,US,2016/12/30,,Provident Metals,1,providentmetals.com,https://www.providentmetals.com,help@providentmetals.com,6,4086036,"USD $5,235,377.56",1104334,"USD $62,824,530.72",providentmetals,,,https://www.facebook.com/providentmetals,http://help.providentmetals.com/,https://www.providentmetals.com/wp-content/uploads/2019/10/optimized-gradient-192x192-1-187x187.png,FAQ Page:Has Android App:Has iOS App:Contact Page:Tracking or Returns:Tracking Page:Cryptocurrency Messaging:Has CMS,,true,false,providentmetals,https://www.instagram.com/providentmetals,,0,,id1509555762,,,en,,,Custom Cart,2021/12/10,,2021/12/10,provident-metals,https://www.linkedin.com/company/provident-metals,,,,,Provident Metals,Provident Metals,,,,,,,,,,,,+1 800-313-3315,providentmetals,346,,,1550,https://pinterest.com/providentmetals,,WooCommerce,,90,0.00,3.2.5,0,0,0,0,0.00,0,0,0,0,8019,5253,0.04,Americas,,,,,,,,,,,,,,,UPS:USPS:Fedex,,,,Texas,Active,,,Northern America,,Bing Ads:Cloudfront CDN:Cloudinary:Contentsquare:Cookiebot:Criteo:Dynamic Yield:Facebook Pixel:Google Ads Pixel:Google Adsense:Google Analytics:Google Tag Manager:Help Scout:Klaviyo:Microsoft 365:New Relic:Searchspring:Sift:Wordpress:reCAPTCHA,20,provident,0,0,,Unknown,Unknown,,,,,,Buy Silver & Gold Online - Coins & Bullion - Provident Metals,https://www.providentmetals.com/free-shipping,1.1,3685,providentmetals,3091,,-1,2476,https://twitter.com/providentmetals,,,,,,,providentvideos,,,,,https://youtube.com/providentvideos,
mrgattispizza.com,,www.gattispizzafb.com,com.hungerrush.gattispizza,,,,,/Food & Drink/Food/Pizza,Fort Worth,mrgattispizza.com,,1636,,5990000,682415,,"Fort Worth, TX, USA",https://mrgattispizza.com/homepage/contact-us/terms-of-use,US,2017/03/24,,"Pizza, Games, Parties & Repeat. Start with our Huge Pizza Buffet and Salad bar then work it off in our huge arcade and game room - Order a Pizza - Book a Party",1,mrgattispizza.com,https://mrgattispizza.com,,198,3957398,"USD $5,070,555.51",1069567,"USD $60,846,666.12",mrgattispizza,,,https://www.facebook.com/mrgattispizza,,https://mrgattispizza.com/wp-content/uploads/2020/02/gattis-pizza-logo-300x300.png,Contact Page:Has iOS App:Has Android App:Career Page:Has CMS,,true,false,mrgattispizza,https://www.instagram.com/mrgattispizza,https://woocommerce.com/products/woopayments/,1,WooPayments,id396756100,,,en,,,,,customify,2025/12/18,gatti,https://www.linkedin.com/company/gatti,,,,,mrgattispizza.com,"Pizza, Games, Parties & Repeat. Start with our Huge Pizza Buffet and Salad bar then work it off in our huge arcade and game room - Order a Pizza - Book a Party",,,,,,,,,,,https://mrgattispizza.com/wp-content/uploads/2026/07/OrangeMG_1920x1080.png,,mrgattispizza,3,,,11,https://www.pinterest.com/mrgattispizza,,WooCommerce,,91,0.00,10.4.3,0,0,0,0,0.00,0,0,0,0,36,5271,0.04,Americas,,,,,,,,,,,,,,,UPS:Fedex:USPS,,,,Texas,Active,,,Northern America,,Cloudflare:Cloudflare CDN:Google Analytics:Google Analytics 4:Google Tag Manager:Microsoft 365:Wordpress:YouTube Player,8,hello-elementor,0,0,,Unknown,Unknown,@gattitok,117,,12,https://www.tiktok.com/@gattitok,The Best Pizza in Town…Honest! – Mr Gatti’s Pizza,,,,mrgattis,1344,,-7,2850,https://x.com/MrGattis,,,,,,,mrgattispizza,https://www.youtube.com/channel/UCuRUqRkuYRr4T1rM4VHKx3g,172,7,19,https://www.youtube.com/@mrgattispizza,
www.papyrusonline.com,https://www.papyrusonline.com/celebrations/about-us,papyrus.go-vip.net,,,,,,/Gifts & Special Events/Cards & Greetings,Goodlettsville,www.papyrusonline.com,,15181,,10986714,23686604,,"Goodlettsville, TN 37072, USA",https://www.papyrusonline.com/contact-us,US,2017/04/28,USD,Papyrus Cards And Gift Wrap Supplies Are Perfect Stylish Connections For Any Occasion Or Holiday. Shop Today!,1,papyrusonline.com,https://www.papyrusonline.com,customerservice@papyrusonline.com:papyrus@prgreetings.com,327,3810345,"USD $4,882,138.95",1029822,"USD $58,585,667.40",papyrus,,,https://www.facebook.com/papyrus,https://www.papyrusonline.com/faq,https://www.papyrusonline.com/wp-content/uploads/2022/09/cropped-favicon.png?w=180,FAQ Page:Contact Page:International Shipping:Has CMS,,true,false,papyrus,https://www.instagram.com/papyrus,,0,,,,,en,,,,,,,papyrus_2,https://www.linkedin.com/company/papyrus_2,,,,,Papyrus,Papyrus Cards And Gift Wrap Supplies Are Perfect Stylish Connections For Any Occasion Or Holiday. Shop Today!,,,,,,,,,,,https://www.papyrusonline.com/wp-content/uploads/2023/02/ogimage.jpg,+1 800-677-7350,papyrusonline,8300,,,749,https://www.pinterest.com/PAPYRUSonline,,WooCommerce,,92,0.00,10.9.4,0,0,0,0,0.00,0,0,0,0,435,5293,0.04,Americas,,,,,,https://www.amazon.com/stores/page/AEAD4038-3A2D-47E4-A4FD-874FAB35011D?ingress=2&lp_context_asin=B0F1GBTBDG&lp_context_query=papyrus%20cards&visitId=b4112025-5cb4-4fec-b715-87f2b97d0059&store_ref=bl_ast_dp_brandLogo_sto&ref_=ast_bln,,,,,,,,Amazon,,,,,Tennessee,Active,,,Northern America,,Cookie Law Info:Dynamic Yield:Facebook Pixel:Google Ads Pixel:Google Adsense:Google Analytics:Google Analytics 4:Google Tag Manager:PriceSpider:Proofpoint Email Security:Salsify:Tealium:Wordpress,13,kadence-child,0,0,,Unknown,Unknown,@papyrus,238,,20,https://www.tiktok.com/@papyrus,Shop Greeting Cards And Gift Packaging | Papyrus,,,,papyrus_online,6643,,,4655,https://twitter.com/Papyrus_Online,,,,,,,,,,,,,37072
www.sepsis.org,https://www.sepsis.org/about/our-story,uniteforsepsis.com,,,,,,/Health/Health Conditions,San Diego,www.sepsis.org:www.sepsis.org.nz:sepsis.academy:learn.sepsis.org,,23234,,10361463,4677970,,"San Diego, CA, USA",https://www.sepsis.org/contact,US,2016/12/30,,Sepsis Alliance is the leading sepsis organization in the U.S. working in all 50 states to save lives and reduce suffering from sepsis.,4,sepsis.org,https://www.sepsis.org,connect@sepsis.org:info@sepsis.org,37,3933198,"USD $5,039,548.82",1063026,"USD $60,474,585.84",sepsisalliance,,,https://www.facebook.com/sepsisalliance,https://www.sepsis.org/sepsis-basics/faqs/,https://d2p9nwuani32ep.cloudfront.net/wp-content/themes/sepsis-alliance/images/favicon.png,FAQ Page:International Shipping:Contact Page:Has CMS,,true,false,sepsisalliance,https://www.instagram.com/sepsisalliance,,0,,,,,en,,,,,,2020/06/02,sepsis-alliance,https://www.linkedin.com/company/sepsis-alliance,,,,,Sepsis Alliance,Sepsis Alliance is the leading sepsis organization in the U.S. working in all 50 states to save lives and reduce suffering from sepsis.,,,,,,,,,,,https://d2p9nwuani32ep.cloudfront.net/wp-content/uploads/2022/02/FOS-Survivor-Kate-Formatted.jpg,+1 619-232-0300,,,,,,,,WooCommerce,,93,0.00,10.1.4,0,0,0,0,0.00,0,0,0,0,1509,5323,0.04,Americas,,,,,,,,,,,,,,,,,,,California,Active,,,Northern America,,Cloudfront CDN:Facebook Pixel:Google Ads Pixel:Google Adsense:Google Analytics:Google Analytics 4:Google Tag Manager:Microsoft 365:MonsterInsights:Wordpress:Yoast:reCAPTCHA:Mailchimp,13,sepsis-alliance,0,0,,Unknown,Unknown,,,,,,Sepsis Alliance,,,,sepsisalliance,9634,,7,10412,https://x.com/SepsisAlliance,,,,,,,sepsisalliance,https://www.youtube.com/channel/UCiM-89MD4DzMivJ76PGnhjA,13600,,431,https://www.youtube.com/user/sepsisalliance,
www.billmillerbbq.com,https://www.billmillerbbq.com/about-us/our-story,billmiller.us,com.storefrontconsumer.bill.miller.bar.b.q,,,,,/Food & Drink,San Antonio,www.billmillerbbq.com,,16346,,19048107,24308918,,"San Antonio, TX, USA",https://www.billmillerbbq.com/contact-us,US,2018/05/25,USD,"Bill Miller BBQ is famous for some of the best Texas BBQ cooked over Texas Hill Country live oak fires in brick pits, their breakfast, and fried chicken.",1,billmillerbbq.com,https://www.billmillerbbq.com,,334,3662056,"USD $4,692,138.11",989744,"USD $56,305,657.32",billmillerbarbq,,,https://www.facebook.com/BillMillerBarBQ,,https://www.billmillerbbq.com/apple-icon-180x180.png,Brand Advocate Page:Has iOS App:Has Android App:International Shipping:Contact Page:Store Locator Page:Career Page:Has CMS,,true,false,billmillerbarbq,https://www.instagram.com/billmillerbarbq,,0,,id1492727803,,,en,,,,,,2020/05/28,bill-miller-bar-b-q,https://www.linkedin.com/company/bill-miller-bar-b-q,,,,,Bill Miller Bar,"Bill Miller BBQ is famous for some of the best Texas BBQ cooked over Texas Hill Country live oak fires in brick pits, their breakfast, and fried chicken.",,,,,,,,,,,https://www.billmillerbbq.com/wp-content/uploads/2017/08/hdr-img-contact.jpg,,,,,,,,,WooCommerce,,94,0.00,,0,0,0,0,0.00,0,0,0,0,319,5362,0.04,Americas,,,,,,,,,,,,,,,,,,,Texas,Active,https://www.billmillerbbq.com/store-locator,,Northern America,Trending on TikTok,"Cloudflare:Cookie Notice & Compliance for GDPR,CCP:Facebook Pixel:Google Ads Pixel:Google Adsense:Google Analytics:Google Analytics 4:Google Tag Manager:Optimizely:WP Engine:Wordpress:Yoast:reCAPTCHA",13,bill-miller-theme,0,0,,Unknown,Unknown,@billmillerbarbq,7790,621,1864,https://www.tiktok.com/@billmillerbarbq,Bill Miller Bar-B-Q Restaurant Serving Famous Texas BBQ,,,,billmillerbarbq,8556,,,10409,https://x.com/BillMillerBarBQ,,,,,,,,,,,,,
www.holajalapeno.com,https://www.holajalapeno.com/about,holajalapeno.dns1.nerdpress.net,,,,,,/Food & Drink/Food/Soups & Stews,Ventura,www.holajalapeno.com,,11924,,22305118,79407607,,"Ventura, CA, USA",,US,2021/10/29,,Healthy Mexican recipes for a new generation. Vibrant cooking based in the Mexican pantry but influenced by my two decades of experience in the kitchen.,1,holajalapeno.com,https://www.holajalapeno.com,,,3740837,"USD $4,793,079.59",1011037,"USD $57,516,955.08",holajalapeno,,,https://www.facebook.com/HolaJalapeno,https://www.holajalapeno.com/how-to-make-cucumber-lime-agua-fresca,https://www.holajalapeno.com/wp-content/uploads/2021/08/submark-1.svg,Signature Required:FAQ Page:Brand Advocate Page:Has CMS,,true,false,holajalapeno,https://www.instagram.com/holajalapeno,https://woocommerce.com/products/woopayments/,1,WooPayments,,,,en,,,Custom Cart,2022/09/26,,2022/09/26,,,,,,,¡HOLA! JALAPEÑO,Healthy Mexican recipes for a new generation. Vibrant cooking based in the Mexican pantry but influenced by my two decades of experience in the kitchen.,,,,,,,,,,,,,holajalapeno,11200,,,33745,https://www.pinterest.com/holajalapeno,,WooCommerce,,95,0.00,,0,0,0,0,0.00,0,0,0,0,372,5379,0.04,Americas,,,,,,,,,,,,,,,,,,,California,Active,,,Northern America,,Cloudflare:Cloudflare CDN:Google Ads Pixel:Google Adsense:Google Analytics:Google Analytics 4:Google Tag Manager:Google Workspace:Object Cache Pro Wordpress Plugin:Wordpress:Yoast:YouTube Player,12,hj_rebrand,0,0,,Unknown,Unknown,,,,,,Home - ¡HOLA! JALAPEÑO,,,,holajalapeno,724,,,10728,https://x.com/holajalapeno,,,,,,,,,,,,,
bernssteakhouse.com,,www.bernssteakhouse.com,,,,,,/Food & Drink/Food/Meat & Seafood:/Food & Drink/Beverages/Alcoholic Beverages,Tampa,bernssteakhouse.com,,4320,,1953401,917038,,"Tampa, FL, USA",https://bernssteakhouse.com/contact,US,2016/12/30,,"Perfectly-aged steaks, one of the largest wine collections in the world, and an internationally famous dessert room. Schedule your tour or reservation.",1,bernssteakhouse.com,https://bernssteakhouse.com,bshcontact@bernssteakhouse.com:bshgroupsales@bernssteakhouse.com:publicrelations@bernssteakhouse.com,67,3570689,"USD $4,575,070.88",965051,"USD $54,900,850.56",bernssteakhouse,,,https://www.facebook.com/BernsSteakHouse,,https://bernssteakhouse.com/wp-content/themes/berns-steak-house/assets/images/apple-icon-touch.png,Contact Page:Has CMS,,true,false,bernssteakhouse,https://www.instagram.com/bernssteakhouse,,0,,,,,en,,,,,,2020/05/28,berns-steak-house,https://www.linkedin.com/company/berns-steak-house,,,,,Bern's Steak House,"Perfectly-aged steaks, one of the largest wine collections in the world, and an internationally famous dessert room. Schedule your tour or reservation.",,,,,,,,,,,https://bernssteakhouse.com/wp-content/uploads/2019/12/home-hero-background-1024x577.jpg,+1 813-251-2421,bernssteakhouse,380,,,129,https://www.pinterest.com/bernssteakhouse,,WooCommerce,,96,0.00,9.3.3,0,0,0,0,0.00,0,0,0,0,5,5402,0.04,Americas,,,,,,,,,,,,,,,,,,,Florida,Active,,,Northern America,,Authorize.net:Facebook Pixel:Google Ads Pixel:Google Adsense:Google Analytics:Google Tag Manager:Google Workspace:OpenTable:Vimeo:WP Engine:Wordpress:Yoast:reCAPTCHA,13,berns-steak-house,0,0,,Unknown,Unknown,,,,,,Premium Steaks in Tampa | Largest Wine Collection | Bern's Steak House,,,,,,,,,,,,,,,,ucerluqury-sz7iaposbhiwa,https://www.youtube.com/channel/UCErLuQUry-sZ7iAPosbHIwA,3940,8,8,https://www.youtube.com/channel/UCErLuQUry-sZ7iAPosbHIwA,
mandayahospitalgroup.com,https://mandayahospitalgroup.com/about-us,mandaya.id,,,,,,,,mandayahospitalgroup.com,,115000,,9950109,3228511,,,,,2021/02/19,,"Mandaya Hospital Group is part of Selaras Holding, Mandaya Passion is deliver patient-centered care that is personalized to each patient",1,mandayahospitalgroup.com,https://mandayahospitalgroup.com,,126,3809639,"USD $4,881,233.64",1029632,"USD $58,574,803.68",mandayahospitalkarawang,,,https://www.facebook.com/MandayaHospitalKarawang,https://mandayahospitalgroup.com/faq/,https://mandayahospitalgroup.com/wp-content/uploads/2020/09/cropped-favicon-mandaya-180x180.png,FAQ Page:Tracking or Returns:Returns Page:Tracking Page:Has CMS,,true,false,mandayahospital,https://www.instagram.com/mandayahospital,,0,,,,,id,,,,,,2021/03/21,pt-mandaya-sehat-utama,https://www.linkedin.com/company/pt-mandaya-sehat-utama,,,,,Mandaya Hospital Group,"Mandaya Hospital Group is part of Selaras Holding, Mandaya Passion is deliver patient-centered care that is personalized to each patient",,,,,,,,,,,,+62 21 50928888:+62 267 8643000:+62 811-1001-123:+62 811-1900-2000:02678643000,,,,,,,,WooCommerce,,97,0.00,10.2.4,0,0,0,0,0.00,0,0,0,0,647,5408,0.04,,,https://mandayahospitalgroup.com/id/jalani-operasi-mvd-untuk-hemifacial-spasm-di-rs-mandaya-puri-pasien-ini-kembali-pulih,,,,,,,,,,,,,USPS,,,,,Active,,,,,Cloudflare:Cloudflare CDN:Facebook Pixel:Google Ads Pixel:Google Adsense:Google Analytics:Google Analytics 4:Google Tag Manager:TikTok Pixel:Wordpress:Yoast:YouTube Player,12,mhgnew,0,0,,Unknown,Unknown,@mandayaroyalhospital,64900,1971,7593,https://www.tiktok.com/@mandayaroyalhospital,Mandaya Hospital Group - Mandaya Hospital Group,https://mandayahospitalgroup.com/delivery-suite,,,,,,,,,,,Q7FB69,https://wa.link/q7fb69,,,mandayaroyalhospitalpuri,https://www.youtube.com/channel/UC4k4KTRjYxPmTSY7NMeACHA,50100,,2808,https://www.youtube.com/c/MandayaRoyalHospitalPuri,
dinosaurbarbque.com,,www.dinosaurbarbque.com,,,,,,/Food & Drink,Troy,dinosaurbarbque.com,,7225,,4434639,753576,,"Troy, NY, USA",https://dinosaurbarbque.com/contact,US,2016/12/30,USD,Indulge in authentic southern BBQ at Dinosaur Bar-B-Que Restaurant & Catering in Northeast New York. Discover a location near you or order food online.,1,dinosaurbarbque.com,https://dinosaurbarbque.com,,208,3648499,"USD $4,674,767.57",986080,"USD $56,097,210.84",dinosaurbbq,,,https://www.facebook.com/DinosaurBBQ,https://dinosaurbarbque.com/ourstory/faqs,https://dinosaurbarbque.com/wp-content/uploads/2023/02/favicon.svg,Corporate Gift Messaging:Contact Page:Signature Required:FAQ Page:Store Locator Page:Has CMS,,true,false,dinosaur_bbq,https://www.instagram.com/dinosaur_bbq,,0,,,,,en,,,,,dhive,2026/06/10,dinosaur-restaurants-llc,https://www.linkedin.com/company/dinosaur-restaurants-llc,,,,,Dinosaur Bar,Indulge in authentic southern BBQ at Dinosaur Bar-B-Que Restaurant & Catering in Northeast New York. Discover a location near you or order food online.,,,,,,,,,,,https://dinosaurbarbque.com/wp-content/uploads/2023/02/ogimage.jpg,+1 888-476-1662:+1 315-476-4937:+1 585-325-7090,,,,,,,,WooCommerce,,98,0.00,10.4.3,0,0,0,0,0.00,0,0,0,0,4,5420,0.04,Americas,,,,,,,,,,,,,,,,,,,New York,Active,https://dinosaurbarbque.com/store-locator,,Northern America,,Cloudflare:Facebook Messenger Chat Plugin:Facebook Pixel:Google Ads Pixel:Google Adsense:Google Analytics:Google Analytics 4:Google Tag Manager:Mimecast Email Security:WP Engine:Wordpress:reCAPTCHA,12,bb-theme,0,0,,Unknown,Unknown,,,,,,Dinosaur Bar-B-Que | Restaurant & Catering in New York,,,,dinosaur_bbq,7155,,-4,3950,https://twitter.com/Dinosaur_BBQ,,,,,,,ucspjan11gmt-tnevvwxzjtq,https://www.youtube.com/channel/UCsPJan11GMt-TNEvvWxZJtQ,70,,4,https://www.youtube.com/channel/UCsPJan11GMt-TNEvvWxZJtQ,
www.yuengling.com,https://www.yuengling.com/about-us,,,,,,,/Food & Drink/Beverages/Alcoholic Beverages,Pottsville,www.yuengling.com,,104540,,7410428,16268548,,"Pottsville, PA 17901, USA",https://www.yuengling.com/contact-us-pottsville,US,2016/12/30,USD,"An American Success Story. Come tour Yuengling, America's Oldest Brewery, a short drive away in historic Pottsville, PA. Experience nearly 200 years of ...An American Success Story. Come tour Yuengling, America's Oldest Brewery, a short drive away in historic Pottsville, PA. Experience nearly 200 years of ...",1,yuengling.com,https://www.yuengling.com,GiftShop@Yuengling.com,279,3527589,"USD $4,519,847.29",953402,"USD $54,238,167.48",yuengling,,,https://www.facebook.com/Yuengling,https://www.yuengling.com/faq,https://assets.yuengling.com/wp-content/uploads/2021/10/29124358/favicon.ico,FAQ Page:Contact Page:Store Locator Page:Career Page:Has CMS,,true,false,yuenglingbeer,https://www.instagram.com/yuenglingbeer,https://woocommerce.com/products/authorize-net/:https://woocommerce.com/products/mailchimp-for-woocommerce/:https://woocommerce.com/products/woocommerce-product-search/,3,"Authorize.net, a Visa solution:Mailchimp:WooCommerce Product Search",,,,en,,,,,,2022/05/07,d-g-yuengling-,https://www.linkedin.com/company/d-g-yuengling-,,,,,Yuengling,"An American Success Story. Come tour Yuengling, America's Oldest Brewery, a short drive away in historic Pottsville, PA. Experience nearly 200 years of ...An American Success Story. Come tour Yuengling, America's Oldest Brewery, a short drive away in historic Pottsville, PA. Experience nearly 200 years of ...",,,,,,,,,,,https://assets.yuengling.com/wp-content/uploads/2022/01/29124213/BeerFinder_Banner.jpg,+1 570-628-4890:+1 800-576-4377:+1 813-488-6444,,,,,,,,WooCommerce,,99,0.00,11.0.1,0,0,0,0,0.00,0,0,0,0,110,5428,0.04,Americas,,,,,,,,,,,,,,,USPS:Fedex,,,,Pennsylvania,Active,https://www.yuengling.com/visit-us,,Northern America,,Authorize.net:Cloudfront CDN:Facebook Pixel:Facebook SDK:Google Ads Pixel:Google Adsense:Google Analytics:Google Analytics 4:Google Tag Manager:Mailchimp:The Trade Desk:Toast:Uber Eats:Vimeo:WP Rocket:Wordpress:Yoast:YouTube Player:Zeta:reCAPTCHA,20,yuenglingnew,0,0,,Unknown,Unknown,,,,,,Home - Yuengling,,,,yuenglingbeer,96800,,,32566,https://x.com/YuenglingBeer,,,,,,,dgyuenglingson,https://www.youtube.com/channel/UC-Vf8Xior9WEJhbb5SgHnxw,7740,,1465,https://www.youtube.com/@DGYuenglingSon,17901
www.reallycolor.com,,,,,,,,/Toys & Hobbies/Drawing & Coloring,Chicago,www.reallycolor.com,,77,,13698498,30043237,,"Chicago, IL, USA",,US,2016/12/30,USD,"Create personalized coloring books by converting your photos into coloring pages. Explore custom, printable coloring pages for kids, adults, gifts, and more.",1,reallycolor.com,https://www.reallycolor.com,,,5982576,"USD $7,665,385.34",1616912,"USD $91,984,624.08",reallycolor,,,https://www.facebook.com/ReallyColor,https://www.reallycolor.com/about/frequently-asked-questions/,https://www.reallycolor.com/wp-content/uploads/2025/09/cropped-web-app-manifest-512x512-1-180x180.png,FAQ Page:Has CMS,,true,false,reallycolor,https://www.instagram.com/reallycolor,,0,,,,,en,,,,,Hello%20Elementor%20child%20Theme,2026/08/31,,,,,,,www.reallycolor.com,"Create personalized coloring books by converting your photos into coloring pages. Explore custom, printable coloring pages for kids, adults, gifts, and more.",,,,,,,,,,,https://www.reallycolor.com/wp-content/uploads/2024/05/Untitled-design-27-e1714822178945.png,,reallycolor,77,,,109,https://www.pinterest.com/reallycolor,,WooCommerce,,100,0.00,9.8.7,0,0,0,0,0.00,0,0,0,0,143,5431,0.04,Americas,,,,,,,,,,,,,,,,,,,Illinois,Active,,,Northern America,,Cloudflare:Cloudflare CDN:Facebook Pixel:Google Ads Pixel:Google Adsense:Google Tag Manager:Google Workspace:Mixpanel:Wordpress:Yoast:reCAPTCHA,11,hello%20elementor%20child%20theme,2,4,,Unknown,Unknown,,,,,,Turn Photos into Coloring Pages & Coloring Books,,,,,,,,,,,,,,,,reallycolor,https://www.youtube.com/channel/UCmG917reQMw2VoftaHjXi4Q,,,,https://www.youtube.com/@ReallyColor,
